[
{
    "model": "auth.permission",
    "pk": 1,
    "fields": {
        "name": "Can add log entry",
        "content_type": 1,
        "codename": "add_logentry"
    }
},
{
    "model": "auth.permission",
    "pk": 2,
    "fields": {
        "name": "Can change log entry",
        "content_type": 1,
        "codename": "change_logentry"
    }
},
{
    "model": "auth.permission",
    "pk": 3,
    "fields": {
        "name": "Can delete log entry",
        "content_type": 1,
        "codename": "delete_logentry"
    }
},
{
    "model": "auth.permission",
    "pk": 4,
    "fields": {
        "name": "Can view log entry",
        "content_type": 1,
        "codename": "view_logentry"
    }
},
{
    "model": "auth.permission",
    "pk": 5,
    "fields": {
        "name": "Can add permission",
        "content_type": 2,
        "codename": "add_permission"
    }
},
{
    "model": "auth.permission",
    "pk": 6,
    "fields": {
        "name": "Can change permission",
        "content_type": 2,
        "codename": "change_permission"
    }
},
{
    "model": "auth.permission",
    "pk": 7,
    "fields": {
        "name": "Can delete permission",
        "content_type": 2,
        "codename": "delete_permission"
    }
},
{
    "model": "auth.permission",
    "pk": 8,
    "fields": {
        "name": "Can view permission",
        "content_type": 2,
        "codename": "view_permission"
    }
},
{
    "model": "auth.permission",
    "pk": 9,
    "fields": {
        "name": "Can add group",
        "content_type": 3,
        "codename": "add_group"
    }
},
{
    "model": "auth.permission",
    "pk": 10,
    "fields": {
        "name": "Can change group",
        "content_type": 3,
        "codename": "change_group"
    }
},
{
    "model": "auth.permission",
    "pk": 11,
    "fields": {
        "name": "Can delete group",
        "content_type": 3,
        "codename": "delete_group"
    }
},
{
    "model": "auth.permission",
    "pk": 12,
    "fields": {
        "name": "Can view group",
        "content_type": 3,
        "codename": "view_group"
    }
},
{
    "model": "auth.permission",
    "pk": 13,
    "fields": {
        "name": "Can add user",
        "content_type": 4,
        "codename": "add_user"
    }
},
{
    "model": "auth.permission",
    "pk": 14,
    "fields": {
        "name": "Can change user",
        "content_type": 4,
        "codename": "change_user"
    }
},
{
    "model": "auth.permission",
    "pk": 15,
    "fields": {
        "name": "Can delete user",
        "content_type": 4,
        "codename": "delete_user"
    }
},
{
    "model": "auth.permission",
    "pk": 16,
    "fields": {
        "name": "Can view user",
        "content_type": 4,
        "codename": "view_user"
    }
},
{
    "model": "auth.permission",
    "pk": 17,
    "fields": {
        "name": "Can add content type",
        "content_type": 5,
        "codename": "add_contenttype"
    }
},
{
    "model": "auth.permission",
    "pk": 18,
    "fields": {
        "name": "Can change content type",
        "content_type": 5,
        "codename": "change_contenttype"
    }
},
{
    "model": "auth.permission",
    "pk": 19,
    "fields": {
        "name": "Can delete content type",
        "content_type": 5,
        "codename": "delete_contenttype"
    }
},
{
    "model": "auth.permission",
    "pk": 20,
    "fields": {
        "name": "Can view content type",
        "content_type": 5,
        "codename": "view_contenttype"
    }
},
{
    "model": "auth.permission",
    "pk": 21,
    "fields": {
        "name": "Can add session",
        "content_type": 6,
        "codename": "add_session"
    }
},
{
    "model": "auth.permission",
    "pk": 22,
    "fields": {
        "name": "Can change session",
        "content_type": 6,
        "codename": "change_session"
    }
},
{
    "model": "auth.permission",
    "pk": 23,
    "fields": {
        "name": "Can delete session",
        "content_type": 6,
        "codename": "delete_session"
    }
},
{
    "model": "auth.permission",
    "pk": 24,
    "fields": {
        "name": "Can view session",
        "content_type": 6,
        "codename": "view_session"
    }
},
{
    "model": "auth.permission",
    "pk": 25,
    "fields": {
        "name": "Can add банер слайдер",
        "content_type": 7,
        "codename": "add_bannerslider"
    }
},
{
    "model": "auth.permission",
    "pk": 26,
    "fields": {
        "name": "Can change банер слайдер",
        "content_type": 7,
        "codename": "change_bannerslider"
    }
},
{
    "model": "auth.permission",
    "pk": 27,
    "fields": {
        "name": "Can delete банер слайдер",
        "content_type": 7,
        "codename": "delete_bannerslider"
    }
},
{
    "model": "auth.permission",
    "pk": 28,
    "fields": {
        "name": "Can view банер слайдер",
        "content_type": 7,
        "codename": "view_bannerslider"
    }
},
{
    "model": "auth.permission",
    "pk": 29,
    "fields": {
        "name": "Can add cache time",
        "content_type": 8,
        "codename": "add_cachetime"
    }
},
{
    "model": "auth.permission",
    "pk": 30,
    "fields": {
        "name": "Can change cache time",
        "content_type": 8,
        "codename": "change_cachetime"
    }
},
{
    "model": "auth.permission",
    "pk": 31,
    "fields": {
        "name": "Can delete cache time",
        "content_type": 8,
        "codename": "delete_cachetime"
    }
},
{
    "model": "auth.permission",
    "pk": 32,
    "fields": {
        "name": "Can view cache time",
        "content_type": 8,
        "codename": "view_cachetime"
    }
},
{
    "model": "auth.permission",
    "pk": 33,
    "fields": {
        "name": "Can add order",
        "content_type": 9,
        "codename": "add_order"
    }
},
{
    "model": "auth.permission",
    "pk": 34,
    "fields": {
        "name": "Can change order",
        "content_type": 9,
        "codename": "change_order"
    }
},
{
    "model": "auth.permission",
    "pk": 35,
    "fields": {
        "name": "Can delete order",
        "content_type": 9,
        "codename": "delete_order"
    }
},
{
    "model": "auth.permission",
    "pk": 36,
    "fields": {
        "name": "Can view order",
        "content_type": 9,
        "codename": "view_order"
    }
},
{
    "model": "auth.permission",
    "pk": 37,
    "fields": {
        "name": "Can add order status",
        "content_type": 10,
        "codename": "add_orderstatus"
    }
},
{
    "model": "auth.permission",
    "pk": 38,
    "fields": {
        "name": "Can change order status",
        "content_type": 10,
        "codename": "change_orderstatus"
    }
},
{
    "model": "auth.permission",
    "pk": 39,
    "fields": {
        "name": "Can delete order status",
        "content_type": 10,
        "codename": "delete_orderstatus"
    }
},
{
    "model": "auth.permission",
    "pk": 40,
    "fields": {
        "name": "Can view order status",
        "content_type": 10,
        "codename": "view_orderstatus"
    }
},
{
    "model": "auth.permission",
    "pk": 41,
    "fields": {
        "name": "Can add category",
        "content_type": 11,
        "codename": "add_category"
    }
},
{
    "model": "auth.permission",
    "pk": 42,
    "fields": {
        "name": "Can change category",
        "content_type": 11,
        "codename": "change_category"
    }
},
{
    "model": "auth.permission",
    "pk": 43,
    "fields": {
        "name": "Can delete category",
        "content_type": 11,
        "codename": "delete_category"
    }
},
{
    "model": "auth.permission",
    "pk": 44,
    "fields": {
        "name": "Can view category",
        "content_type": 11,
        "codename": "view_category"
    }
},
{
    "model": "auth.permission",
    "pk": 45,
    "fields": {
        "name": "Can add product",
        "content_type": 12,
        "codename": "add_product"
    }
},
{
    "model": "auth.permission",
    "pk": 46,
    "fields": {
        "name": "Can change product",
        "content_type": 12,
        "codename": "change_product"
    }
},
{
    "model": "auth.permission",
    "pk": 47,
    "fields": {
        "name": "Can delete product",
        "content_type": 12,
        "codename": "delete_product"
    }
},
{
    "model": "auth.permission",
    "pk": 48,
    "fields": {
        "name": "Can view product",
        "content_type": 12,
        "codename": "view_product"
    }
},
{
    "model": "auth.permission",
    "pk": 49,
    "fields": {
        "name": "Can add просмотр продукта",
        "content_type": 13,
        "codename": "add_productviewhistory"
    }
},
{
    "model": "auth.permission",
    "pk": 50,
    "fields": {
        "name": "Can change просмотр продукта",
        "content_type": 13,
        "codename": "change_productviewhistory"
    }
},
{
    "model": "auth.permission",
    "pk": 51,
    "fields": {
        "name": "Can delete просмотр продукта",
        "content_type": 13,
        "codename": "delete_productviewhistory"
    }
},
{
    "model": "auth.permission",
    "pk": 52,
    "fields": {
        "name": "Can view просмотр продукта",
        "content_type": 13,
        "codename": "view_productviewhistory"
    }
},
{
    "model": "auth.permission",
    "pk": 53,
    "fields": {
        "name": "Can add отзыв на продукт",
        "content_type": 14,
        "codename": "add_productfeedback"
    }
},
{
    "model": "auth.permission",
    "pk": 54,
    "fields": {
        "name": "Can change отзыв на продукт",
        "content_type": 14,
        "codename": "change_productfeedback"
    }
},
{
    "model": "auth.permission",
    "pk": 55,
    "fields": {
        "name": "Can delete отзыв на продукт",
        "content_type": 14,
        "codename": "delete_productfeedback"
    }
},
{
    "model": "auth.permission",
    "pk": 56,
    "fields": {
        "name": "Can view отзыв на продукт",
        "content_type": 14,
        "codename": "view_productfeedback"
    }
},
{
    "model": "auth.permission",
    "pk": 57,
    "fields": {
        "name": "Can add profile",
        "content_type": 15,
        "codename": "add_profile"
    }
},
{
    "model": "auth.permission",
    "pk": 58,
    "fields": {
        "name": "Can change profile",
        "content_type": 15,
        "codename": "change_profile"
    }
},
{
    "model": "auth.permission",
    "pk": 59,
    "fields": {
        "name": "Can delete profile",
        "content_type": 15,
        "codename": "delete_profile"
    }
},
{
    "model": "auth.permission",
    "pk": 60,
    "fields": {
        "name": "Can view profile",
        "content_type": 15,
        "codename": "view_profile"
    }
},
{
    "model": "auth.permission",
    "pk": 61,
    "fields": {
        "name": "Can add скидка",
        "content_type": 16,
        "codename": "add_discount"
    }
},
{
    "model": "auth.permission",
    "pk": 62,
    "fields": {
        "name": "Can change скидка",
        "content_type": 16,
        "codename": "change_discount"
    }
},
{
    "model": "auth.permission",
    "pk": 63,
    "fields": {
        "name": "Can delete скидка",
        "content_type": 16,
        "codename": "delete_discount"
    }
},
{
    "model": "auth.permission",
    "pk": 64,
    "fields": {
        "name": "Can view скидка",
        "content_type": 16,
        "codename": "view_discount"
    }
},
{
    "model": "auth.permission",
    "pk": 65,
    "fields": {
        "name": "Can add продавец",
        "content_type": 17,
        "codename": "add_seller"
    }
},
{
    "model": "auth.permission",
    "pk": 66,
    "fields": {
        "name": "Can change продавец",
        "content_type": 17,
        "codename": "change_seller"
    }
},
{
    "model": "auth.permission",
    "pk": 67,
    "fields": {
        "name": "Can delete продавец",
        "content_type": 17,
        "codename": "delete_seller"
    }
},
{
    "model": "auth.permission",
    "pk": 68,
    "fields": {
        "name": "Can view продавец",
        "content_type": 17,
        "codename": "view_seller"
    }
},
{
    "model": "auth.permission",
    "pk": 69,
    "fields": {
        "name": "Can add продукт продавца",
        "content_type": 18,
        "codename": "add_sellerproduct"
    }
},
{
    "model": "auth.permission",
    "pk": 70,
    "fields": {
        "name": "Can change продукт продавца",
        "content_type": 18,
        "codename": "change_sellerproduct"
    }
},
{
    "model": "auth.permission",
    "pk": 71,
    "fields": {
        "name": "Can delete продукт продавца",
        "content_type": 18,
        "codename": "delete_sellerproduct"
    }
},
{
    "model": "auth.permission",
    "pk": 72,
    "fields": {
        "name": "Can view продукт продавца",
        "content_type": 18,
        "codename": "view_sellerproduct"
    }
},
{
    "model": "auth.permission",
    "pk": 73,
    "fields": {
        "name": "Can add история просмотра",
        "content_type": 19,
        "codename": "add_productbrowsinghistory"
    }
},
{
    "model": "auth.permission",
    "pk": 74,
    "fields": {
        "name": "Can change история просмотра",
        "content_type": 19,
        "codename": "change_productbrowsinghistory"
    }
},
{
    "model": "auth.permission",
    "pk": 75,
    "fields": {
        "name": "Can delete история просмотра",
        "content_type": 19,
        "codename": "delete_productbrowsinghistory"
    }
},
{
    "model": "auth.permission",
    "pk": 76,
    "fields": {
        "name": "Can view история просмотра",
        "content_type": 19,
        "codename": "view_productbrowsinghistory"
    }
},
{
    "model": "auth.permission",
    "pk": 77,
    "fields": {
        "name": "Can add корзина",
        "content_type": 20,
        "codename": "add_cart"
    }
},
{
    "model": "auth.permission",
    "pk": 78,
    "fields": {
        "name": "Can change корзина",
        "content_type": 20,
        "codename": "change_cart"
    }
},
{
    "model": "auth.permission",
    "pk": 79,
    "fields": {
        "name": "Can delete корзина",
        "content_type": 20,
        "codename": "delete_cart"
    }
},
{
    "model": "auth.permission",
    "pk": 80,
    "fields": {
        "name": "Can view корзина",
        "content_type": 20,
        "codename": "view_cart"
    }
},
{
    "model": "auth.user",
    "pk": 1,
    "fields": {
        "password": "pbkdf2_sha256$260000$SdjoIX4A8tZXtN3xobXCkN$sfrMlxvDYrAfX7IHL8CBCFd8Xxey399ZZT23papt5Go=",
        "last_login": "2024-01-01T07:45:19.633Z",
        "is_superuser": true,
        "username": "Suf",
        "first_name": "Konstantin",
        "last_name": "Suftin",
        "email": "sufk@rambler.ru",
        "is_staff": true,
        "is_active": true,
        "date_joined": "2023-12-03T10:32:03Z",
        "groups": [],
        "user_permissions": []
    }
},
{
    "model": "auth.user",
    "pk": 2,
    "fields": {
        "password": "pbkdf2_sha256$260000$yxUu1DYt8ta0PrXm98vS8G$qa9JkxZ/1z6h1b5OkxAHwfajOnNp4QK32MUpM3cNFfQ=",
        "last_login": null,
        "is_superuser": false,
        "username": "Gest1",
        "first_name": "Гестов1",
        "last_name": "Гестович1",
        "email": "",
        "is_staff": false,
        "is_active": true,
        "date_joined": "2023-12-15T20:08:14Z",
        "groups": [],
        "user_permissions": []
    }
},
{
    "model": "auth.user",
    "pk": 3,
    "fields": {
        "password": "pbkdf2_sha256$260000$CJRoijNRPK9GgYxqTy0UYO$ey3wb0VzLjFg1rxJG3ocU9PRYiaE7SrAeafZYkyi4VM=",
        "last_login": null,
        "is_superuser": false,
        "username": "Guest2",
        "first_name": "",
        "last_name": "",
        "email": "",
        "is_staff": false,
        "is_active": true,
        "date_joined": "2024-01-01T07:43:52.730Z",
        "groups": [],
        "user_permissions": []
    }
},
{
    "model": "banner_app.bannerslider",
    "pk": 18,
    "fields": {
        "product": 1,
        "is_active": true,
        "title": "Праздник к нам приходит",
        "text": "Всегда Coca-Cola",
        "created_at": "2023-11-02"
    }
},
{
    "model": "banner_app.bannerslider",
    "pk": 19,
    "fields": {
        "product": 2,
        "is_active": true,
        "title": "Лучший тамат на рынке",
        "text": "Всегда спелые!!!",
        "created_at": "2023-11-02"
    }
},
{
    "model": "banner_app.bannerslider",
    "pk": 20,
    "fields": {
        "product": 3,
        "is_active": true,
        "title": "Натуральный вкус на все времена",
        "text": "Без добавления химии",
        "created_at": "2023-11-02"
    }
},
{
    "model": "banner_app.bannerslider",
    "pk": 21,
    "fields": {
        "product": 4,
        "is_active": true,
        "title": "Отборная морковь",
        "text": "Свежая и хрустящая",
        "created_at": "2023-11-02"
    }
},
{
    "model": "banner_app.bannerslider",
    "pk": 22,
    "fields": {
        "product": 5,
        "is_active": true,
        "title": "Несравненный",
        "text": "Удалит жажду в любое время годя",
        "created_at": "2023-11-02"
    }
},
{
    "model": "banner_app.bannerslider",
    "pk": 23,
    "fields": {
        "product": 6,
        "is_active": true,
        "title": "Белорусская - отборная",
        "text": "Лучший импортный картофель на российском рынке",
        "created_at": "2023-11-02"
    }
},
{
    "model": "banner_app.bannerslider",
    "pk": 24,
    "fields": {
        "product": 7,
        "is_active": true,
        "title": "Согреет душу",
        "text": "Всегда вкусный и насыщенный",
        "created_at": "2023-11-02"
    }
},
{
    "model": "settingsapp.cachetime",
    "pk": 1,
    "fields": {
        "categories_cache": 86400,
        "seller_data_cache": 86400,
        "banners_cache": 600,
        "products_cache": 86400,
        "top_products_cache": 3600,
        "product_data_cache": 86400
    }
},
{
    "model": "categories.category",
    "pk": 1,
    "fields": {
        "name": "еда",
        "parent": null,
        "slug": "food"
    }
},
{
    "model": "categories.category",
    "pk": 2,
    "fields": {
        "name": "напитки",
        "parent": null,
        "slug": "drinks"
    }
},
{
    "model": "categories.category",
    "pk": 3,
    "fields": {
        "name": "овощи",
        "parent": 1,
        "slug": "vegetables"
    }
},
{
    "model": "categories.category",
    "pk": 4,
    "fields": {
        "name": "газированные напитки",
        "parent": 2,
        "slug": "soda"
    }
},
{
    "model": "categories.category",
    "pk": 5,
    "fields": {
        "name": "соки",
        "parent": 2,
        "slug": "juices"
    }
},
{
    "model": "categories.category",
    "pk": 6,
    "fields": {
        "name": "электроника",
        "parent": null,
        "slug": "elektronika"
    }
},
{
    "model": "categories.category",
    "pk": 7,
    "fields": {
        "name": "телевизоры",
        "parent": 6,
        "slug": "televizory"
    }
},
{
    "model": "products.productfeedback",
    "pk": 11,
    "fields": {
        "user": 1,
        "product": 1,
        "feedback_text": "Хорошая Кола",
        "created_at": "2023-12-14"
    }
},
{
    "model": "products.productfeedback",
    "pk": 12,
    "fields": {
        "user": 1,
        "product": 1,
        "feedback_text": "Превосходная Кола",
        "created_at": "2023-12-14"
    }
},
{
    "model": "products.productfeedback",
    "pk": 13,
    "fields": {
        "user": 1,
        "product": 1,
        "feedback_text": "Кола что надо",
        "created_at": "2023-12-14"
    }
},
{
    "model": "products.productfeedback",
    "pk": 14,
    "fields": {
        "user": 1,
        "product": 1,
        "feedback_text": "Хрустящий - настоящий",
        "created_at": "2023-12-14"
    }
},
{
    "model": "products.productfeedback",
    "pk": 15,
    "fields": {
        "user": 1,
        "product": 1,
        "feedback_text": "Хороший Русский!",
        "created_at": "2023-12-14"
    }
},
{
    "model": "products.productfeedback",
    "pk": 16,
    "fields": {
        "user": 2,
        "product": 1,
        "feedback_text": "Прям как CocaCola",
        "created_at": "2023-12-15"
    }
},
{
    "model": "products.productfeedback",
    "pk": 17,
    "fields": {
        "user": 2,
        "product": 1,
        "feedback_text": "Очень вкусный!",
        "created_at": "2023-12-15"
    }
},
{
    "model": "products.productfeedback",
    "pk": 30,
    "fields": {
        "user": 1,
        "product": 1,
        "feedback_text": "Ваш королевский отзыв!!!",
        "created_at": "2023-12-16"
    }
},
{
    "model": "products.productfeedback",
    "pk": 31,
    "fields": {
        "user": 1,
        "product": 1,
        "feedback_text": "New feedback",
        "created_at": "2023-12-16"
    }
},
{
    "model": "products.productfeedback",
    "pk": 32,
    "fields": {
        "user": 1,
        "product": 1,
        "feedback_text": "new",
        "created_at": "2023-12-16"
    }
},
{
    "model": "products.productfeedback",
    "pk": 33,
    "fields": {
        "user": 1,
        "product": 1,
        "feedback_text": "Самый лучший телевизор!!!",
        "created_at": "2023-12-16"
    }
},
{
    "model": "products.productfeedback",
    "pk": 34,
    "fields": {
        "user": 1,
        "product": 1,
        "feedback_text": "Топ за свои деньги",
        "created_at": "2023-12-16"
    }
},
{
    "model": "products.productfeedback",
    "pk": 35,
    "fields": {
        "user": 1,
        "product": 1,
        "feedback_text": "На ужин - топчик",
        "created_at": "2023-12-16"
    }
},
{
    "model": "products.productfeedback",
    "pk": 36,
    "fields": {
        "user": 1,
        "product": 1,
        "feedback_text": "Ничего так!",
        "created_at": "2023-12-16"
    }
},
{
    "model": "products.productfeedback",
    "pk": 37,
    "fields": {
        "user": 1,
        "product": 1,
        "feedback_text": "Последний отзыв на сегодня",
        "created_at": "2023-12-16"
    }
},
{
    "model": "products.productfeedback",
    "pk": 38,
    "fields": {
        "user": 1,
        "product": 1,
        "feedback_text": "Не самый плохой",
        "created_at": "2023-12-16"
    }
},
{
    "model": "products.productfeedback",
    "pk": 39,
    "fields": {
        "user": 1,
        "product": 1,
        "feedback_text": "!!!!",
        "created_at": "2023-12-16"
    }
},
{
    "model": "products.product",
    "pk": 1,
    "fields": {
        "name": "кола",
        "preview": "images/products/product_cola/product_preview/cola.jpg",
        "description": ".",
        "is_active": true,
        "slug": "cola",
        "categories": [
            4
        ]
    }
},
{
    "model": "products.product",
    "pk": 2,
    "fields": {
        "name": "томат",
        "preview": "images/products/product_tomato/product_preview/Tomato.png",
        "description": ".",
        "is_active": true,
        "slug": "tomato",
        "categories": [
            3
        ]
    }
},
{
    "model": "products.product",
    "pk": 3,
    "fields": {
        "name": "апельсиновый сок",
        "preview": "images/products/product_orange-juice/product_preview/Orangejuice.jpg",
        "description": ".",
        "is_active": true,
        "slug": "orange-juice",
        "categories": [
            5
        ]
    }
},
{
    "model": "products.product",
    "pk": 4,
    "fields": {
        "name": "морковь",
        "preview": "images/products/product_carrot/product_preview/carrot.jpg",
        "description": ".",
        "is_active": true,
        "slug": "carrot",
        "categories": [
            3
        ]
    }
},
{
    "model": "products.product",
    "pk": 5,
    "fields": {
        "name": "виноградный сок",
        "preview": "images/products/product_grape-juice/product_preview/grapejuice.jpg",
        "description": ".",
        "is_active": true,
        "slug": "grape-juice",
        "categories": [
            5
        ]
    }
},
{
    "model": "products.product",
    "pk": 6,
    "fields": {
        "name": "картофель",
        "preview": "images/products/product_potato/product_preview/potato.png",
        "description": ".",
        "is_active": true,
        "slug": "potato",
        "categories": [
            3
        ]
    }
},
{
    "model": "products.product",
    "pk": 7,
    "fields": {
        "name": "Чай",
        "preview": "images/products/product_chaj/product_preview/Чашка.png",
        "description": "Чашка согревающего чая",
        "is_active": true,
        "slug": "chaj",
        "categories": [
            4
        ]
    }
},
{
    "model": "products.product",
    "pk": 8,
    "fields": {
        "name": "Телевизор лучший",
        "preview": "images/products/product_televizor-luchshij/product_preview/телевизор.jpg",
        "description": "Самый современный телевизор",
        "is_active": true,
        "slug": "televizor-luchshij",
        "categories": [
            7
        ]
    }
},
{
    "model": "products.product",
    "pk": 9,
    "fields": {
        "name": "Лук",
        "preview": "images/products/product_luk/product_preview/лук.jpeg",
        "description": "Хороший лук",
        "is_active": true,
        "slug": "luk",
        "categories": [
            3
        ]
    }
},
{
    "model": "products.product",
    "pk": 10,
    "fields": {
        "name": "Капуста",
        "preview": "images/products/product_kapusta/product_preview/капуста.jfif",
        "description": "Свежая капуста с огорода",
        "is_active": true,
        "slug": "kapusta",
        "categories": [
            3
        ]
    }
},
{
    "model": "products.product",
    "pk": 11,
    "fields": {
        "name": "кабачок",
        "preview": "images/products/product_kabachok/product_preview/кабачок.png",
        "description": "лучшие кабачки",
        "is_active": true,
        "slug": "kabachok",
        "categories": [
            3
        ]
    }
},
{
    "model": "products.product",
    "pk": 12,
    "fields": {
        "name": "брокколи",
        "preview": "images/products/product_brokkoli/product_preview/брокколи.png",
        "description": "вкусная брокколи",
        "is_active": true,
        "slug": "brokkoli",
        "categories": [
            3
        ]
    }
},
{
    "model": "products.product",
    "pk": 13,
    "fields": {
        "name": "шпинат",
        "preview": "images/products/product_shpinat/product_preview/шпинат.jpg",
        "description": "лучший шпинат",
        "is_active": true,
        "slug": "shpinat",
        "categories": [
            3
        ]
    }
},
{
    "model": "products.product",
    "pk": 14,
    "fields": {
        "name": "руккола",
        "preview": "images/products/product_rukkola/product_preview/руккола.jpg",
        "description": "лучшая руккола",
        "is_active": true,
        "slug": "rukkola",
        "categories": [
            3
        ]
    }
},
{
    "model": "products.product",
    "pk": 15,
    "fields": {
        "name": "кинза",
        "preview": "images/products/product_kinza/product_preview/кинза.jpg",
        "description": "лучшая кинза",
        "is_active": true,
        "slug": "kinza",
        "categories": [
            3
        ]
    }
},
{
    "model": "products.product",
    "pk": 16,
    "fields": {
        "name": "укроп",
        "preview": "images/products/product_ukrop/product_preview/укроп.jpg",
        "description": "лучший укроп",
        "is_active": true,
        "slug": "ukrop",
        "categories": [
            3
        ]
    }
},
{
    "model": "products.product",
    "pk": 17,
    "fields": {
        "name": "петрушка",
        "preview": "images/products/product_petrushka/product_preview/петрушка.jpg",
        "description": "лучшая петрушка",
        "is_active": true,
        "slug": "petrushka",
        "categories": [
            3
        ]
    }
},
{
    "model": "browsing_history_app.productbrowsinghistory",
    "pk": 54,
    "fields": {
        "user": 1,
        "product": 13,
        "view_at": "2024-01-01"
    }
},
{
    "model": "browsing_history_app.productbrowsinghistory",
    "pk": 55,
    "fields": {
        "user": 1,
        "product": 14,
        "view_at": "2024-01-01"
    }
},
{
    "model": "browsing_history_app.productbrowsinghistory",
    "pk": 56,
    "fields": {
        "user": 1,
        "product": 2,
        "view_at": "2024-01-01"
    }
},
{
    "model": "browsing_history_app.productbrowsinghistory",
    "pk": 58,
    "fields": {
        "user": 1,
        "product": 17,
        "view_at": "2024-01-01"
    }
},
{
    "model": "sellers.seller",
    "pk": 1,
    "fields": {
        "name": "DNS",
        "description": "Лучший магазин техники",
        "logo": "images/sellers/dns/logo/dns_rgr16qU.jpg",
        "archived": false,
        "slug": "dns"
    }
},
{
    "model": "sellers.seller",
    "pk": 2,
    "fields": {
        "name": "mvideo",
        "description": "Лучше  чем  DNS",
        "logo": "images/sellers/mvideo/logo/mvideo_13Jz1AM.png",
        "archived": false,
        "slug": "mvideo"
    }
},
{
    "model": "sellers.seller",
    "pk": 3,
    "fields": {
        "name": "Овощной магазин",
        "description": "Самые свежие овощи на рынке",
        "logo": "images/sellers/ovoshnoj-magazin/logo/овощной_магазин_UkoA6tF.png",
        "archived": false,
        "slug": "ovoshnoj-magazin"
    }
},
{
    "model": "sellers.seller",
    "pk": 4,
    "fields": {
        "name": "Магазин напитков",
        "description": "Освежись, взбодрись!",
        "logo": "images/sellers/magazin-napitkov/logo/Без_названия.png",
        "archived": false,
        "slug": "magazin-napitkov"
    }
},
{
    "model": "sellers.sellerproduct",
    "pk": 1,
    "fields": {
        "product": 2,
        "seller": 3,
        "price": "12.00",
        "stock": 31,
        "discount": 1,
        "created_at": "2023-11-04"
    }
},
{
    "model": "sellers.sellerproduct",
    "pk": 2,
    "fields": {
        "product": 4,
        "seller": 3,
        "price": "123.00",
        "stock": 312,
        "discount": 1,
        "created_at": "2023-10-04"
    }
},
{
    "model": "sellers.sellerproduct",
    "pk": 3,
    "fields": {
        "product": 6,
        "seller": 3,
        "price": "324.00",
        "stock": 330,
        "discount": 1,
        "created_at": "2023-09-04"
    }
},
{
    "model": "sellers.sellerproduct",
    "pk": 4,
    "fields": {
        "product": 8,
        "seller": 1,
        "price": "2322.00",
        "stock": 9,
        "discount": 1,
        "created_at": "2023-08-04"
    }
},
{
    "model": "sellers.sellerproduct",
    "pk": 5,
    "fields": {
        "product": 8,
        "seller": 2,
        "price": "2344.00",
        "stock": 21,
        "discount": 1,
        "created_at": "2023-07-04"
    }
},
{
    "model": "sellers.sellerproduct",
    "pk": 6,
    "fields": {
        "product": 1,
        "seller": 4,
        "price": "33.00",
        "stock": 122,
        "discount": 1,
        "created_at": "2023-07-05"
    }
},
{
    "model": "sellers.sellerproduct",
    "pk": 7,
    "fields": {
        "product": 3,
        "seller": 4,
        "price": "223.00",
        "stock": 10,
        "discount": 1,
        "created_at": "2023-07-06"
    }
},
{
    "model": "sellers.sellerproduct",
    "pk": 8,
    "fields": {
        "product": 5,
        "seller": 4,
        "price": "213.00",
        "stock": 22,
        "discount": 1,
        "created_at": "2023-06-04"
    }
},
{
    "model": "sellers.sellerproduct",
    "pk": 9,
    "fields": {
        "product": 9,
        "seller": 3,
        "price": "343.00",
        "stock": 342,
        "discount": 1,
        "created_at": "2023-05-04"
    }
},
{
    "model": "sellers.sellerproduct",
    "pk": 10,
    "fields": {
        "product": 10,
        "seller": 3,
        "price": "342.00",
        "stock": 42,
        "discount": 1,
        "created_at": "2023-12-04"
    }
},
{
    "model": "sellers.sellerproduct",
    "pk": 11,
    "fields": {
        "product": 11,
        "seller": 3,
        "price": "100.00",
        "stock": 321,
        "discount": 1,
        "created_at": "2023-12-02"
    }
},
{
    "model": "sellers.sellerproduct",
    "pk": 13,
    "fields": {
        "product": 12,
        "seller": 3,
        "price": "32.00",
        "stock": 3234,
        "discount": 1,
        "created_at": "2023-12-05"
    }
},
{
    "model": "sellers.sellerproduct",
    "pk": 14,
    "fields": {
        "product": 13,
        "seller": 3,
        "price": "11.00",
        "stock": 322,
        "discount": 1,
        "created_at": "2023-12-04"
    }
},
{
    "model": "sellers.sellerproduct",
    "pk": 15,
    "fields": {
        "product": 14,
        "seller": 3,
        "price": "13.00",
        "stock": 321,
        "discount": 1,
        "created_at": "2023-12-04"
    }
},
{
    "model": "sellers.sellerproduct",
    "pk": 16,
    "fields": {
        "product": 15,
        "seller": 3,
        "price": "14.00",
        "stock": 531,
        "discount": 1,
        "created_at": "2023-12-04"
    }
},
{
    "model": "sellers.sellerproduct",
    "pk": 17,
    "fields": {
        "product": 16,
        "seller": 3,
        "price": "13.00",
        "stock": 431,
        "discount": 1,
        "created_at": "2023-12-04"
    }
},
{
    "model": "sellers.sellerproduct",
    "pk": 18,
    "fields": {
        "product": 17,
        "seller": 3,
        "price": "15.00",
        "stock": 1234,
        "discount": 1,
        "created_at": "2023-12-04"
    }
},
{
    "model": "sellers.discount",
    "pk": 1,
    "fields": {
        "name": "Без скидки",
        "value": 0
    }
}
]
