[
{
    "model": "auth.user",
    "pk": 1,
    "fields": {
        "password": "pbkdf2_sha256$260000$SdjoIX4A8tZXtN3xobXCkN$sfrMlxvDYrAfX7IHL8CBCFd8Xxey399ZZT23papt5Go=",
        "last_login": "2024-01-01T07:45:19.633Z",
        "is_superuser": true,
        "username": "Suf",
        "first_name": "Konstantin",
        "last_name": "Suftin",
        "email": "sufk@rambler.ru",
        "is_staff": true,
        "is_active": true,
        "date_joined": "2023-12-03T10:32:03Z",
        "groups": [],
        "user_permissions": []
    }
},
{
    "model": "auth.user",
    "pk": 2,
    "fields": {
        "password": "pbkdf2_sha256$260000$yxUu1DYt8ta0PrXm98vS8G$qa9JkxZ/1z6h1b5OkxAHwfajOnNp4QK32MUpM3cNFfQ=",
        "last_login": null,
        "is_superuser": false,
        "username": "Gest1",
        "first_name": "Гестов1",
        "last_name": "Гестович1",
        "email": "",
        "is_staff": false,
        "is_active": true,
        "date_joined": "2023-12-15T20:08:14Z",
        "groups": [],
        "user_permissions": []
    }
},
{
    "model": "auth.user",
    "pk": 3,
    "fields": {
        "password": "pbkdf2_sha256$260000$mvj8U0Nc1UbChRj1IMrGra$ElYUt8dcoXYVyU3o96JXorgRoQHuafCp0L2IQUzenys=",
        "last_login": "2024-02-12T13:09:54.919Z",
        "is_superuser": true,
        "username": "admin",
        "first_name": "",
        "last_name": "",
        "email": "admin@admin.ru",
        "is_staff": true,
        "is_active": true,
        "date_joined": "2023-12-21T17:38:44.526Z",
        "groups": [],
        "user_permissions": []
    }
},
{
    "model": "auth.user",
    "pk": 4,
    "fields": {
        "password": "pbkdf2_sha256$260000$ndXz3v0o0BvzuFnbR4VKvA$rCZuDIj03dXZi9t2sQGWZ6kyyDoFi80TNCsdEB0EFuY=",
        "last_login": "2024-01-25T13:02:14.496Z",
        "is_superuser": true,
        "username": "war",
        "first_name": "",
        "last_name": "",
        "email": "",
        "is_staff": true,
        "is_active": true,
        "date_joined": "2024-01-25T13:00:59.292Z",
        "groups": [],
        "user_permissions": []
    }
},
{
    "model": "auth.user",
    "pk": 5,
    "fields": {
        "password": "pbkdf2_sha256$260000$07YDc3UFAyUzvKgVp9NZyY$3sokAyVyoX+Fm1Mmxu3v5hPxJB4pK5+UOUjEigShsYo=",
        "last_login": "2024-02-04T17:22:46.316Z",
        "is_superuser": false,
        "username": "Павел",
        "first_name": "",
        "last_name": "",
        "email": "example@example.com",
        "is_staff": false,
        "is_active": true,
        "date_joined": "2024-02-04T16:54:51.979Z",
        "groups": [],
        "user_permissions": []
    }
},
{
    "model": "auth.user",
    "pk": 6,
    "fields": {
        "password": "pbkdf2_sha256$260000$C3jUaZaPDfgCi7pMTYW8dZ$OgGoTvosLbVp0IiOtMbS0VI63wLg8rqb/Pfd7j5sq0E=",
        "last_login": "2024-02-05T14:06:42.532Z",
        "is_superuser": false,
        "username": "Вася",
        "first_name": "",
        "last_name": "",
        "email": "user1@example.com",
        "is_staff": false,
        "is_active": true,
        "date_joined": "2024-02-05T13:59:11.567Z",
        "groups": [],
        "user_permissions": []
    }
},
{
    "model": "auth.user",
    "pk": 7,
    "fields": {
        "password": "pbkdf2_sha256$260000$43oJeRzOUOEVevwGjAgRvZ$zmtUMwd0crbJD/k5W5Shm4iuUcHXYuEe2K+WRMQ9vMA=",
        "last_login": "2024-02-11T12:39:21.988Z",
        "is_superuser": false,
        "username": "Коля",
        "first_name": "",
        "last_name": "",
        "email": "test3@example.com",
        "is_staff": false,
        "is_active": true,
        "date_joined": "2024-02-11T11:11:49.861Z",
        "groups": [],
        "user_permissions": []
    }
},
{
    "model": "auth.user",
    "pk": 8,
    "fields": {
        "password": "pbkdf2_sha256$260000$7QhqDn6ufwnvnUUJ0UINvV$e2MrdBACOcxvbkA4FOP+VF4D4fFmENjxCaF+xQP0pb0=",
        "last_login": "2024-02-12T13:30:51.366Z",
        "is_superuser": false,
        "username": "Паша",
        "first_name": "",
        "last_name": "",
        "email": "test4@example.com",
        "is_staff": false,
        "is_active": true,
        "date_joined": "2024-02-12T13:30:47.359Z",
        "groups": [],
        "user_permissions": []
    }
},
{
    "model": "banner_app.bannerslider",
    "pk": 18,
    "fields": {
        "product": 1,
        "is_active": true,
        "title": "Праздник к нам приходит",
        "text": "Всегда Coca-Cola",
        "created_at": "2023-11-02"
    }
},
{
    "model": "banner_app.bannerslider",
    "pk": 19,
    "fields": {
        "product": 2,
        "is_active": true,
        "title": "Лучший тамат на рынке",
        "text": "Всегда спелые!!!",
        "created_at": "2023-11-02"
    }
},
{
    "model": "banner_app.bannerslider",
    "pk": 20,
    "fields": {
        "product": 3,
        "is_active": true,
        "title": "Натуральный вкус на все времена",
        "text": "Без добавления химии",
        "created_at": "2023-11-02"
    }
},
{
    "model": "banner_app.bannerslider",
    "pk": 21,
    "fields": {
        "product": 4,
        "is_active": true,
        "title": "Отборная морковь",
        "text": "Свежая и хрустящая",
        "created_at": "2023-11-02"
    }
},
{
    "model": "banner_app.bannerslider",
    "pk": 22,
    "fields": {
        "product": 5,
        "is_active": true,
        "title": "Несравненный",
        "text": "Удалит жажду в любое время годя",
        "created_at": "2023-11-02"
    }
},
{
    "model": "banner_app.bannerslider",
    "pk": 23,
    "fields": {
        "product": 6,
        "is_active": true,
        "title": "Белорусская - отборная",
        "text": "Лучший импортный картофель на российском рынке",
        "created_at": "2023-11-02"
    }
},
{
    "model": "banner_app.bannerslider",
    "pk": 24,
    "fields": {
        "product": 7,
        "is_active": true,
        "title": "Согреет душу",
        "text": "Всегда вкусный и насыщенный",
        "created_at": "2023-11-02"
    }
},
{
    "model": "settingsapp.cachetime",
    "pk": 1,
    "fields": {
        "categories_cache": 86400,
        "seller_data_cache": 86400,
        "banners_cache": 600,
        "products_cache": 86400,
        "top_products_cache": 3600,
        "product_data_cache": 86400
    }
},
{
    "model": "orders.order",
    "pk": 21,
    "fields": {
        "user": 3,
        "cost": "63.90",
        "delivery_city": "Москва",
        "delivery_address": "Ленина 1",
        "delivery_method": "ordinary",
        "payment_method": "online",
        "full_name": "Борисов Борис Борисович",
        "phone": "+7 (331) 2323132",
        "email": "admin@admin.ru",
        "created_at": "2024-02-04T17:09:11.939Z",
        "status": 1,
        "quantity_products": {},
        "discount_type": 3,
        "seller_products": [
            1,
            14
        ]
    }
},
{
    "model": "orders.order",
    "pk": 22,
    "fields": {
        "user": 3,
        "cost": "642.00",
        "delivery_city": "fs",
        "delivery_address": "fsfsf",
        "delivery_method": "ordinary",
        "payment_method": "online",
        "full_name": "fds ds fs",
        "phone": "+7 (543) 5345345",
        "email": "admin@admin.ru",
        "created_at": "2024-02-04T17:22:06.861Z",
        "status": 1,
        "quantity_products": {},
        "discount_type": 1,
        "seller_products": [
            20
        ]
    }
},
{
    "model": "orders.order",
    "pk": 23,
    "fields": {
        "user": 5,
        "cost": "32.40",
        "delivery_city": "павп",
        "delivery_address": "пвап",
        "delivery_method": "ordinary",
        "payment_method": "online",
        "full_name": "пва а а",
        "phone": "+7 (423) 4224324",
        "email": "example@example.com",
        "created_at": "2024-02-04T17:33:52.803Z",
        "status": 1,
        "quantity_products": {},
        "discount_type": 3,
        "seller_products": [
            1,
            14,
            17
        ]
    }
},
{
    "model": "orders.order",
    "pk": 24,
    "fields": {
        "user": 3,
        "cost": "32.40",
        "delivery_city": "das",
        "delivery_address": "dadda",
        "delivery_method": "ordinary",
        "payment_method": "online",
        "full_name": "fdsf fds fs",
        "phone": "+7 (312) 3213131",
        "email": "admin@admin.ru",
        "created_at": "2024-02-11T13:15:52.157Z",
        "status": 2,
        "quantity_products": {
            "1": 1,
            "14": 1,
            "17": 1
        },
        "discount_type": 3,
        "seller_products": [
            1,
            14,
            17
        ]
    }
},
{
    "model": "orders.order",
    "pk": 25,
    "fields": {
        "user": 3,
        "cost": "115.20",
        "delivery_city": "dfsfdfsdf",
        "delivery_address": "fsss",
        "delivery_method": "ordinary",
        "payment_method": "online",
        "full_name": "vdcs fs fsadf",
        "phone": "+7 (434) 2423432",
        "email": "admin@admin.ru",
        "created_at": "2024-02-11T13:40:40.709Z",
        "status": 1,
        "quantity_products": {
            "13": 4
        },
        "discount_type": 3,
        "seller_products": [
            13
        ]
    }
},
{
    "model": "orders.order",
    "pk": 26,
    "fields": {
        "user": 3,
        "cost": "137.75",
        "delivery_city": "fd",
        "delivery_address": "fsfs",
        "delivery_method": "ordinary",
        "payment_method": "online",
        "full_name": "gre gdf gd",
        "phone": "+7 (424) 3243244",
        "email": "admin@admin.ru",
        "created_at": "2024-02-11T14:27:57.250Z",
        "status": 1,
        "quantity_products": {
            "16": 5,
            "18": 5
        },
        "discount_type": 2,
        "seller_products": [
            16,
            18
        ]
    }
},
{
    "model": "orders.order",
    "pk": 27,
    "fields": {
        "user": 3,
        "cost": "124.16",
        "delivery_city": "fsf",
        "delivery_address": "fsfsf",
        "delivery_method": "ordinary",
        "payment_method": "online",
        "full_name": "fgd fsdf s",
        "phone": "+7 (323) 2131232",
        "email": "admin@admin.ru",
        "created_at": "2024-02-11T14:41:33.298Z",
        "status": 1,
        "quantity_products": {
            "13": 4
        },
        "discount_type": 3,
        "seller_products": [
            13
        ]
    }
},
{
    "model": "orders.orderproduct",
    "pk": 1,
    "fields": {
        "seller_product": 14,
        "amount": 1
    }
},
{
    "model": "orders.orderproduct",
    "pk": 2,
    "fields": {
        "seller_product": 13,
        "amount": 1
    }
},
{
    "model": "orders.orderproduct",
    "pk": 3,
    "fields": {
        "seller_product": 4,
        "amount": 1
    }
},
{
    "model": "orders.orderproduct",
    "pk": 4,
    "fields": {
        "seller_product": 23,
        "amount": 5
    }
},
{
    "model": "orders.orderproduct",
    "pk": 5,
    "fields": {
        "seller_product": 14,
        "amount": 2
    }
},
{
    "model": "orders.orderproduct",
    "pk": 6,
    "fields": {
        "seller_product": 1,
        "amount": 2
    }
},
{
    "model": "orders.orderproduct",
    "pk": 7,
    "fields": {
        "seller_product": 16,
        "amount": 1
    }
},
{
    "model": "orders.orderproduct",
    "pk": 8,
    "fields": {
        "seller_product": 1,
        "amount": 1
    }
},
{
    "model": "orders.orderproduct",
    "pk": 9,
    "fields": {
        "seller_product": 1,
        "amount": 5
    }
},
{
    "model": "orders.orderproduct",
    "pk": 10,
    "fields": {
        "seller_product": 20,
        "amount": 2
    }
},
{
    "model": "orders.orderproduct",
    "pk": 11,
    "fields": {
        "seller_product": 17,
        "amount": 1
    }
},
{
    "model": "orders.orderstatus",
    "pk": 1,
    "fields": {
        "value": "paid",
        "name": "Оплачен"
    }
},
{
    "model": "orders.orderstatus",
    "pk": 2,
    "fields": {
        "value": "not_paid",
        "name": "Не оплачен"
    }
},
{
    "model": "categories.category",
    "pk": 1,
    "fields": {
        "name": "еда",
        "parent": null,
        "slug": "food"
    }
},
{
    "model": "categories.category",
    "pk": 2,
    "fields": {
        "name": "напитки",
        "parent": null,
        "slug": "drinks"
    }
},
{
    "model": "categories.category",
    "pk": 3,
    "fields": {
        "name": "овощи",
        "parent": 1,
        "slug": "vegetables"
    }
},
{
    "model": "categories.category",
    "pk": 4,
    "fields": {
        "name": "газированные напитки",
        "parent": 2,
        "slug": "soda"
    }
},
{
    "model": "categories.category",
    "pk": 5,
    "fields": {
        "name": "соки",
        "parent": 2,
        "slug": "juices"
    }
},
{
    "model": "categories.category",
    "pk": 6,
    "fields": {
        "name": "электроника",
        "parent": null,
        "slug": "elektronika"
    }
},
{
    "model": "categories.category",
    "pk": 7,
    "fields": {
        "name": "телевизоры",
        "parent": 6,
        "slug": "televizory"
    }
},
{
    "model": "categories.category",
    "pk": 8,
    "fields": {
        "name": "смартфоны",
        "parent": 6,
        "slug": "smartfony"
    }
},
{
    "model": "products.productfeedback",
    "pk": 11,
    "fields": {
        "user": 1,
        "product": 1,
        "feedback_text": "Хорошая Кола",
        "created_at": "2023-12-14"
    }
},
{
    "model": "products.productfeedback",
    "pk": 12,
    "fields": {
        "user": 1,
        "product": 1,
        "feedback_text": "Превосходная Кола",
        "created_at": "2023-12-14"
    }
},
{
    "model": "products.productfeedback",
    "pk": 13,
    "fields": {
        "user": 1,
        "product": 1,
        "feedback_text": "Кола что надо",
        "created_at": "2023-12-14"
    }
},
{
    "model": "products.productfeedback",
    "pk": 14,
    "fields": {
        "user": 1,
        "product": 1,
        "feedback_text": "Хрустящий - настоящий",
        "created_at": "2023-12-14"
    }
},
{
    "model": "products.productfeedback",
    "pk": 15,
    "fields": {
        "user": 1,
        "product": 1,
        "feedback_text": "Хороший Русский!",
        "created_at": "2023-12-14"
    }
},
{
    "model": "products.productfeedback",
    "pk": 16,
    "fields": {
        "user": 2,
        "product": 1,
        "feedback_text": "Прям как CocaCola",
        "created_at": "2023-12-15"
    }
},
{
    "model": "products.productfeedback",
    "pk": 17,
    "fields": {
        "user": 2,
        "product": 1,
        "feedback_text": "Очень вкусный!",
        "created_at": "2023-12-15"
    }
},
{
    "model": "products.productfeedback",
    "pk": 30,
    "fields": {
        "user": 1,
        "product": 1,
        "feedback_text": "Ваш королевский отзыв!!!",
        "created_at": "2023-12-16"
    }
},
{
    "model": "products.productfeedback",
    "pk": 31,
    "fields": {
        "user": 1,
        "product": 1,
        "feedback_text": "New feedback",
        "created_at": "2023-12-16"
    }
},
{
    "model": "products.productfeedback",
    "pk": 32,
    "fields": {
        "user": 1,
        "product": 1,
        "feedback_text": "new",
        "created_at": "2023-12-16"
    }
},
{
    "model": "products.productfeedback",
    "pk": 33,
    "fields": {
        "user": 1,
        "product": 1,
        "feedback_text": "Самый лучший телевизор!!!",
        "created_at": "2023-12-16"
    }
},
{
    "model": "products.productfeedback",
    "pk": 34,
    "fields": {
        "user": 1,
        "product": 1,
        "feedback_text": "Топ за свои деньги",
        "created_at": "2023-12-16"
    }
},
{
    "model": "products.productfeedback",
    "pk": 35,
    "fields": {
        "user": 1,
        "product": 1,
        "feedback_text": "На ужин - топчик",
        "created_at": "2023-12-16"
    }
},
{
    "model": "products.productfeedback",
    "pk": 36,
    "fields": {
        "user": 1,
        "product": 1,
        "feedback_text": "Ничего так!",
        "created_at": "2023-12-16"
    }
},
{
    "model": "products.productfeedback",
    "pk": 37,
    "fields": {
        "user": 1,
        "product": 1,
        "feedback_text": "Последний отзыв на сегодня",
        "created_at": "2023-12-16"
    }
},
{
    "model": "products.productfeedback",
    "pk": 38,
    "fields": {
        "user": 1,
        "product": 1,
        "feedback_text": "Не самый плохой",
        "created_at": "2023-12-16"
    }
},
{
    "model": "products.productfeedback",
    "pk": 39,
    "fields": {
        "user": 1,
        "product": 1,
        "feedback_text": "!!!!",
        "created_at": "2023-12-16"
    }
},
{
    "model": "products.productfeedback",
    "pk": 40,
    "fields": {
        "user": 3,
        "product": 8,
        "feedback_text": "Лучший телек",
        "created_at": "2023-12-21"
    }
},
{
    "model": "products.product",
    "pk": 1,
    "fields": {
        "name": "кола",
        "preview": "images/products/product_cola/product_preview/cola.jpg",
        "description": ".",
        "is_active": true,
        "slug": "cola",
        "categories": [
            4
        ],
        "specification": []
    }
},
{
    "model": "products.product",
    "pk": 2,
    "fields": {
        "name": "томат",
        "preview": "images/products/product_tomato/product_preview/Tomato.png",
        "description": ".",
        "is_active": true,
        "slug": "tomato",
        "categories": [
            3
        ],
        "specification": []
    }
},
{
    "model": "products.product",
    "pk": 3,
    "fields": {
        "name": "апельсиновый сок",
        "preview": "images/products/product_orange-juice/product_preview/Orangejuice.jpg",
        "description": ".",
        "is_active": true,
        "slug": "orange-juice",
        "categories": [
            5
        ],
        "specification": []
    }
},
{
    "model": "products.product",
    "pk": 4,
    "fields": {
        "name": "морковь",
        "preview": "images/products/product_carrot/product_preview/carrot.jpg",
        "description": ".",
        "is_active": true,
        "slug": "carrot",
        "categories": [
            3
        ],
        "specification": []
    }
},
{
    "model": "products.product",
    "pk": 5,
    "fields": {
        "name": "виноградный сок",
        "preview": "images/products/product_grape-juice/product_preview/grapejuice.jpg",
        "description": "Освежает!!",
        "is_active": true,
        "slug": "grape-juice",
        "categories": [
            5
        ],
        "specification": []
    }
},
{
    "model": "products.product",
    "pk": 6,
    "fields": {
        "name": "картофель",
        "preview": "images/products/product_potato/product_preview/potato.png",
        "description": ".",
        "is_active": true,
        "slug": "potato",
        "categories": [
            3
        ],
        "specification": []
    }
},
{
    "model": "products.product",
    "pk": 7,
    "fields": {
        "name": "Чай",
        "preview": "images/products/product_chaj/product_preview/Чашка.png",
        "description": "Чашка согревающего чая",
        "is_active": true,
        "slug": "chaj",
        "categories": [
            4
        ],
        "specification": []
    }
},
{
    "model": "products.product",
    "pk": 8,
    "fields": {
        "name": "Телевизор лучший",
        "preview": "images/products/product_televizor-luchshij/product_preview/телевизор.jpg",
        "description": "Самый современный телевизор",
        "is_active": true,
        "slug": "televizor-luchshij",
        "categories": [
            7
        ],
        "specification": []
    }
},
{
    "model": "products.product",
    "pk": 9,
    "fields": {
        "name": "Лук",
        "preview": "images/products/product_luk/product_preview/лук.jpeg",
        "description": "Хороший лук",
        "is_active": true,
        "slug": "luk",
        "categories": [
            3
        ],
        "specification": []
    }
},
{
    "model": "products.product",
    "pk": 10,
    "fields": {
        "name": "Капуста",
        "preview": "images/products/product_kapusta/product_preview/капуста.jfif",
        "description": "Свежая капуста с огорода",
        "is_active": true,
        "slug": "kapusta",
        "categories": [
            3
        ],
        "specification": []
    }
},
{
    "model": "products.product",
    "pk": 11,
    "fields": {
        "name": "кабачок",
        "preview": "images/products/product_kabachok/product_preview/кабачок.png",
        "description": "лучшие кабачки",
        "is_active": true,
        "slug": "kabachok",
        "categories": [
            3
        ],
        "specification": []
    }
},
{
    "model": "products.product",
    "pk": 12,
    "fields": {
        "name": "брокколи",
        "preview": "images/products/product_brokkoli/product_preview/брокколи.png",
        "description": "вкусная брокколи",
        "is_active": true,
        "slug": "brokkoli",
        "categories": [
            3
        ],
        "specification": []
    }
},
{
    "model": "products.product",
    "pk": 13,
    "fields": {
        "name": "шпинат",
        "preview": "images/products/product_shpinat/product_preview/шпинат.jpg",
        "description": "лучший шпинат",
        "is_active": true,
        "slug": "shpinat",
        "categories": [
            3
        ],
        "specification": []
    }
},
{
    "model": "products.product",
    "pk": 14,
    "fields": {
        "name": "руккола",
        "preview": "images/products/product_rukkola/product_preview/руккола.jpg",
        "description": "лучшая руккола",
        "is_active": true,
        "slug": "rukkola",
        "categories": [
            3
        ],
        "specification": []
    }
},
{
    "model": "products.product",
    "pk": 15,
    "fields": {
        "name": "кинза",
        "preview": "images/products/product_kinza/product_preview/кинза.jpg",
        "description": "лучшая кинза",
        "is_active": true,
        "slug": "kinza",
        "categories": [
            3
        ],
        "specification": []
    }
},
{
    "model": "products.product",
    "pk": 16,
    "fields": {
        "name": "укроп",
        "preview": "images/products/product_ukrop/product_preview/укроп.jpg",
        "description": "лучший укроп",
        "is_active": true,
        "slug": "ukrop",
        "categories": [
            3
        ],
        "specification": []
    }
},
{
    "model": "products.product",
    "pk": 17,
    "fields": {
        "name": "петрушка",
        "preview": "images/products/product_petrushka/product_preview/петрушка.jpg",
        "description": "лучшая петрушка",
        "is_active": true,
        "slug": "petrushka",
        "categories": [
            3
        ],
        "specification": []
    }
},
{
    "model": "products.product",
    "pk": 18,
    "fields": {
        "name": "Redmi Note 12 4/128",
        "preview": "images/products/product_redmi-note-12-4_128/product_preview/xiaomi_note_12.jpg",
        "description": "Смартфон Xiaomi Redmi Note произведет мгновенный запуск требовательных приложений и не заставит ощутить задержки во время серфинга между окнами. Впечатляющая работоспособность достигается вычислительной мощностью, которая состоит из 8-ядерного процессора и оперативной памяти объемом 4 ГБ. Оптика с 3 модулями добавит водяной знак, создаст естественные портреты, распознает тексты и QR-коды.\r\nДисплей смартфона Xiaomi Redmi Note заключен в едва уловимые взглядом рамки. Вам гарантирован эффект непосредственного присутствия в эпицентре событий. AMOLED-технология и разрешение 2400x1080 пикселей позволяют достичь четкости каждой детали и расширить цветовой охват. Зашита корпуса по стандарту IP53 предупреждает негативное воздействие влаги. При касании боковой стенки производится идентификация личности по отпечатку пальца. На хранение данных отведено 128 ГБ памяти.",
        "is_active": true,
        "slug": "redmi-note-12-4_128",
        "categories": [
            8
        ],
        "specification": [
            1,
            2,
            3,
            5,
            7,
            8,
            9,
            10,
            11,
            12,
            15
        ]
    }
},
{
    "model": "products.product",
    "pk": 19,
    "fields": {
        "name": "Redmi Note 12 6/128",
        "preview": "images/products/product_redmi-note-12-6_128/product_preview/Xiaomi_Redmi_Note_12_128_ГБ_голубой.jpg",
        "description": "Смартфон Xiaomi Redmi Note 12 в голубом цвете корпуса стал обладателем аккумулятора повышенной емкости 5000 мАч. Модель способна длительное время работать без подзарядки, обеспечивая до 31 часа вызовов, 21 часа воспроизведения видео и 9 часов игр. Тройная камера 50+8+2 Мп позволит запечатлеть мир с любого ракурса, чтобы на память о лучших моментах жизни у вас остались цифровые снимки. На боковой панели расположился сканер отпечатка пальца, отвечающий за конфиденциальность хранящихся на устройстве данных и их недоступность посторонним лицам.\r\nСмартфон Xiaomi Redmi Note 12 оснащен стандартным разъемом 3.5 mm jack, который позволит подключить к нему обычные проводные наушники. ИК-излучатель способен превратить устройство в пульт дистанционного управления для удобного управления бытовой техникой в доме. 6.67-дюймовый дисплей с матрицей AMOLED и пиковой яркостью 1200 нит позволит наслаждаться яркой цветопередачей и насыщенными оттенками черного при просмотре любого контента.",
        "is_active": true,
        "slug": "redmi-note-12-6_128",
        "categories": [
            8
        ],
        "specification": [
            1,
            2,
            3,
            4,
            7,
            8,
            9,
            10,
            11,
            13,
            15
        ]
    }
},
{
    "model": "products.product",
    "pk": 20,
    "fields": {
        "name": "Redmi Note 12 8/256",
        "preview": "images/products/product_redmi-note-12-8_256/product_preview/Xiaomi_Redmi_Note_12_256_ГБ__ILdtVOm.jpg",
        "description": "Смартфон Xiaomi Redmi Note 12 в золотистом корпусе из пластика оснащен 6.67-дюймовым экраном с защитой Corning Gorilla Glass. Благодаря безрамочной конструкции экрана с разрешением 2400x1080 пикс. картинка на нем выглядит практически безграничной. Это делает смартфон привлекательным выбором для просмотра видео и прохождения мобильных игр.\r\nЗа производительность модели отвечают 8-ядерный процессор, графический ускоритель Adreno 610 и 8 ГБ оперативной памяти. Камеры на 50 и 13 Мп делают четкие фото и позволяют поддерживать видеосвязь. Функция бьютификации придает владельцу уверенности при этом. Для хранения приложений, видео и фото у смартфона Xiaomi Redmi Note 12 есть память на 256 ГБ.",
        "is_active": true,
        "slug": "redmi-note-12-8_256",
        "categories": [
            8
        ],
        "specification": [
            1,
            2,
            3,
            6,
            7,
            8,
            9,
            10,
            11,
            14,
            16
        ]
    }
},
{
    "model": "products.specification",
    "pk": 1,
    "fields": {
        "name": "Тип",
        "type": 1,
        "value": "Смартфон"
    }
},
{
    "model": "products.specification",
    "pk": 2,
    "fields": {
        "name": "Модель",
        "type": 2,
        "value": "Xiaomi Redmi Note 12"
    }
},
{
    "model": "products.specification",
    "pk": 3,
    "fields": {
        "name": "Год релиза",
        "type": 3,
        "value": "2023"
    }
},
{
    "model": "products.specification",
    "pk": 4,
    "fields": {
        "name": "Цвет",
        "type": 4,
        "value": "голубой"
    }
},
{
    "model": "products.specification",
    "pk": 5,
    "fields": {
        "name": "Цвет",
        "type": 4,
        "value": "зеленый"
    }
},
{
    "model": "products.specification",
    "pk": 6,
    "fields": {
        "name": "Цвет",
        "type": 4,
        "value": "золотой"
    }
},
{
    "model": "products.specification",
    "pk": 7,
    "fields": {
        "name": "Диагональ экрана (дюйм)",
        "type": 5,
        "value": "6.67\""
    }
},
{
    "model": "products.specification",
    "pk": 8,
    "fields": {
        "name": "Разрешение экрана",
        "type": 6,
        "value": "2400x1080"
    }
},
{
    "model": "products.specification",
    "pk": 9,
    "fields": {
        "name": "Тип матрицы",
        "type": 7,
        "value": "AMOLED"
    }
},
{
    "model": "products.specification",
    "pk": 10,
    "fields": {
        "name": "Частота обновления экрана (Гц)",
        "type": 8,
        "value": "120"
    }
},
{
    "model": "products.specification",
    "pk": 11,
    "fields": {
        "name": "Плотность пикселей",
        "type": 9,
        "value": "395"
    }
},
{
    "model": "products.specification",
    "pk": 12,
    "fields": {
        "name": "Объем оперативной памяти (Гб)",
        "type": 10,
        "value": "4"
    }
},
{
    "model": "products.specification",
    "pk": 13,
    "fields": {
        "name": "Объем оперативной памяти (Гб)",
        "type": 10,
        "value": "6"
    }
},
{
    "model": "products.specification",
    "pk": 14,
    "fields": {
        "name": "Объем оперативной памяти (Гб)",
        "type": 10,
        "value": "8"
    }
},
{
    "model": "products.specification",
    "pk": 15,
    "fields": {
        "name": "Объем встроенной памяти (Гб)",
        "type": 11,
        "value": "128"
    }
},
{
    "model": "products.specification",
    "pk": 16,
    "fields": {
        "name": "Объем встроенной памяти (Гб)",
        "type": 11,
        "value": "256"
    }
},
{
    "model": "browsing_history_app.productbrowsinghistory",
    "pk": 1,
    "fields": {
        "user": 3,
        "product": 13,
        "view_at": "2024-01-20"
    }
},
{
    "model": "browsing_history_app.productbrowsinghistory",
    "pk": 2,
    "fields": {
        "user": 3,
        "product": 2,
        "view_at": "2024-01-20"
    }
},
{
    "model": "browsing_history_app.productbrowsinghistory",
    "pk": 3,
    "fields": {
        "user": 3,
        "product": 17,
        "view_at": "2024-01-20"
    }
},
{
    "model": "browsing_history_app.productbrowsinghistory",
    "pk": 4,
    "fields": {
        "user": 3,
        "product": 12,
        "view_at": "2024-01-20"
    }
},
{
    "model": "browsing_history_app.productbrowsinghistory",
    "pk": 5,
    "fields": {
        "user": 3,
        "product": 8,
        "view_at": "2024-01-21"
    }
},
{
    "model": "browsing_history_app.productbrowsinghistory",
    "pk": 7,
    "fields": {
        "user": 3,
        "product": 11,
        "view_at": "2024-01-21"
    }
},
{
    "model": "browsing_history_app.productbrowsinghistory",
    "pk": 8,
    "fields": {
        "user": 4,
        "product": 2,
        "view_at": "2024-01-25"
    }
},
{
    "model": "browsing_history_app.productbrowsinghistory",
    "pk": 9,
    "fields": {
        "user": 4,
        "product": 8,
        "view_at": "2024-01-25"
    }
},
{
    "model": "browsing_history_app.productbrowsinghistory",
    "pk": 10,
    "fields": {
        "user": 4,
        "product": 13,
        "view_at": "2024-01-25"
    }
},
{
    "model": "browsing_history_app.productbrowsinghistory",
    "pk": 11,
    "fields": {
        "user": 4,
        "product": 16,
        "view_at": "2024-01-25"
    }
},
{
    "model": "browsing_history_app.productbrowsinghistory",
    "pk": 12,
    "fields": {
        "user": 4,
        "product": 18,
        "view_at": "2024-01-26"
    }
},
{
    "model": "browsing_history_app.productbrowsinghistory",
    "pk": 13,
    "fields": {
        "user": 3,
        "product": 15,
        "view_at": "2024-01-30"
    }
},
{
    "model": "browsing_history_app.productbrowsinghistory",
    "pk": 14,
    "fields": {
        "user": 3,
        "product": 1,
        "view_at": "2024-01-31"
    }
},
{
    "model": "browsing_history_app.productbrowsinghistory",
    "pk": 15,
    "fields": {
        "user": 3,
        "product": 18,
        "view_at": "2024-02-03"
    }
},
{
    "model": "browsing_history_app.productbrowsinghistory",
    "pk": 16,
    "fields": {
        "user": 3,
        "product": 19,
        "view_at": "2024-02-03"
    }
},
{
    "model": "browsing_history_app.productbrowsinghistory",
    "pk": 17,
    "fields": {
        "user": 3,
        "product": 20,
        "view_at": "2024-02-03"
    }
},
{
    "model": "browsing_history_app.productbrowsinghistory",
    "pk": 18,
    "fields": {
        "user": 3,
        "product": 4,
        "view_at": "2024-02-03"
    }
},
{
    "model": "browsing_history_app.productbrowsinghistory",
    "pk": 19,
    "fields": {
        "user": 3,
        "product": 5,
        "view_at": "2024-02-03"
    }
},
{
    "model": "browsing_history_app.productbrowsinghistory",
    "pk": 20,
    "fields": {
        "user": 3,
        "product": 3,
        "view_at": "2024-02-03"
    }
},
{
    "model": "browsing_history_app.productbrowsinghistory",
    "pk": 21,
    "fields": {
        "user": 3,
        "product": 7,
        "view_at": "2024-02-03"
    }
},
{
    "model": "browsing_history_app.productbrowsinghistory",
    "pk": 22,
    "fields": {
        "user": 3,
        "product": 6,
        "view_at": "2024-02-03"
    }
},
{
    "model": "browsing_history_app.productbrowsinghistory",
    "pk": 23,
    "fields": {
        "user": 3,
        "product": 10,
        "view_at": "2024-02-03"
    }
},
{
    "model": "browsing_history_app.productbrowsinghistory",
    "pk": 24,
    "fields": {
        "user": 3,
        "product": 9,
        "view_at": "2024-02-03"
    }
},
{
    "model": "sellers.seller",
    "pk": 1,
    "fields": {
        "name": "DNS",
        "description": "Лучший магазин техники",
        "logo": "images/sellers/dns/logo/dns_rgr16qU.jpg",
        "archived": false,
        "slug": "dns"
    }
},
{
    "model": "sellers.seller",
    "pk": 2,
    "fields": {
        "name": "mvideo",
        "description": "Лучше  чем  DNS",
        "logo": "images/sellers/mvideo/logo/mvideo_13Jz1AM.png",
        "archived": false,
        "slug": "mvideo"
    }
},
{
    "model": "sellers.seller",
    "pk": 3,
    "fields": {
        "name": "Овощной магазин",
        "description": "Самые свежие овощи на рынке",
        "logo": "images/sellers/ovoshnoj-magazin/logo/овощной_магазин_UkoA6tF.png",
        "archived": false,
        "slug": "ovoshnoj-magazin"
    }
},
{
    "model": "sellers.seller",
    "pk": 4,
    "fields": {
        "name": "Магазин напитков",
        "description": "Освежись, взбодрись!",
        "logo": "images/sellers/magazin-napitkov/logo/Без_названия.png",
        "archived": false,
        "slug": "magazin-napitkov"
    }
},
{
    "model": "sellers.sellerproduct",
    "pk": 1,
    "fields": {
        "product": 2,
        "seller": 3,
        "price": "12.00",
        "stock": 19,
        "discount": 3,
        "created_at": "2023-11-04"
    }
},
{
    "model": "sellers.sellerproduct",
    "pk": 2,
    "fields": {
        "product": 4,
        "seller": 3,
        "price": "123.00",
        "stock": 312,
        "discount": 3,
        "created_at": "2023-10-04"
    }
},
{
    "model": "sellers.sellerproduct",
    "pk": 3,
    "fields": {
        "product": 6,
        "seller": 3,
        "price": "324.00",
        "stock": 330,
        "discount": 3,
        "created_at": "2023-09-04"
    }
},
{
    "model": "sellers.sellerproduct",
    "pk": 4,
    "fields": {
        "product": 8,
        "seller": 1,
        "price": "2322.00",
        "stock": 6,
        "discount": 1,
        "created_at": "2023-08-04"
    }
},
{
    "model": "sellers.sellerproduct",
    "pk": 5,
    "fields": {
        "product": 8,
        "seller": 2,
        "price": "2344.00",
        "stock": 18,
        "discount": 1,
        "created_at": "2023-07-04"
    }
},
{
    "model": "sellers.sellerproduct",
    "pk": 6,
    "fields": {
        "product": 1,
        "seller": 4,
        "price": "33.00",
        "stock": 117,
        "discount": 1,
        "created_at": "2023-07-05"
    }
},
{
    "model": "sellers.sellerproduct",
    "pk": 7,
    "fields": {
        "product": 3,
        "seller": 4,
        "price": "223.00",
        "stock": 9,
        "discount": 1,
        "created_at": "2023-07-06"
    }
},
{
    "model": "sellers.sellerproduct",
    "pk": 8,
    "fields": {
        "product": 5,
        "seller": 4,
        "price": "213.00",
        "stock": 22,
        "discount": 1,
        "created_at": "2023-06-04"
    }
},
{
    "model": "sellers.sellerproduct",
    "pk": 9,
    "fields": {
        "product": 9,
        "seller": 3,
        "price": "343.00",
        "stock": 342,
        "discount": 3,
        "created_at": "2023-05-04"
    }
},
{
    "model": "sellers.sellerproduct",
    "pk": 10,
    "fields": {
        "product": 10,
        "seller": 3,
        "price": "342.00",
        "stock": 42,
        "discount": 3,
        "created_at": "2023-12-04"
    }
},
{
    "model": "sellers.sellerproduct",
    "pk": 11,
    "fields": {
        "product": 11,
        "seller": 3,
        "price": "100.00",
        "stock": 321,
        "discount": 3,
        "created_at": "2023-12-02"
    }
},
{
    "model": "sellers.sellerproduct",
    "pk": 13,
    "fields": {
        "product": 12,
        "seller": 3,
        "price": "32.00",
        "stock": 3223,
        "discount": 3,
        "created_at": "2023-12-05"
    }
},
{
    "model": "sellers.sellerproduct",
    "pk": 14,
    "fields": {
        "product": 13,
        "seller": 3,
        "price": "11.00",
        "stock": 316,
        "discount": 3,
        "created_at": "2023-12-04"
    }
},
{
    "model": "sellers.sellerproduct",
    "pk": 15,
    "fields": {
        "product": 14,
        "seller": 3,
        "price": "13.00",
        "stock": 319,
        "discount": 3,
        "created_at": "2023-12-04"
    }
},
{
    "model": "sellers.sellerproduct",
    "pk": 16,
    "fields": {
        "product": 15,
        "seller": 3,
        "price": "14.00",
        "stock": 524,
        "discount": 3,
        "created_at": "2023-12-04"
    }
},
{
    "model": "sellers.sellerproduct",
    "pk": 17,
    "fields": {
        "product": 16,
        "seller": 3,
        "price": "13.00",
        "stock": 428,
        "discount": 3,
        "created_at": "2023-12-04"
    }
},
{
    "model": "sellers.sellerproduct",
    "pk": 18,
    "fields": {
        "product": 17,
        "seller": 3,
        "price": "15.00",
        "stock": 1228,
        "discount": 3,
        "created_at": "2023-12-04"
    }
},
{
    "model": "sellers.sellerproduct",
    "pk": 19,
    "fields": {
        "product": 15,
        "seller": 3,
        "price": "111.00",
        "stock": 5,
        "discount": 3,
        "created_at": "2024-01-13"
    }
},
{
    "model": "sellers.sellerproduct",
    "pk": 20,
    "fields": {
        "product": 7,
        "seller": 4,
        "price": "321.00",
        "stock": 232,
        "discount": 1,
        "created_at": "2024-01-20"
    }
},
{
    "model": "sellers.sellerproduct",
    "pk": 21,
    "fields": {
        "product": 18,
        "seller": 1,
        "price": "14999.00",
        "stock": 37,
        "discount": 3,
        "created_at": "2024-01-26"
    }
},
{
    "model": "sellers.sellerproduct",
    "pk": 22,
    "fields": {
        "product": 18,
        "seller": 2,
        "price": "15399.00",
        "stock": 41,
        "discount": 3,
        "created_at": "2024-01-26"
    }
},
{
    "model": "sellers.sellerproduct",
    "pk": 23,
    "fields": {
        "product": 19,
        "seller": 1,
        "price": "15999.00",
        "stock": 69,
        "discount": 3,
        "created_at": "2024-01-26"
    }
},
{
    "model": "sellers.sellerproduct",
    "pk": 24,
    "fields": {
        "product": 19,
        "seller": 2,
        "price": "16199.00",
        "stock": 16,
        "discount": 3,
        "created_at": "2024-01-26"
    }
},
{
    "model": "sellers.sellerproduct",
    "pk": 25,
    "fields": {
        "product": 20,
        "seller": 1,
        "price": "18999.00",
        "stock": 54,
        "discount": 3,
        "created_at": "2024-01-26"
    }
},
{
    "model": "sellers.discount",
    "pk": 1,
    "fields": {
        "type": 1,
        "value": 0,
        "amount_products": null,
        "expires": null,
        "categories": []
    }
},
{
    "model": "sellers.discount",
    "pk": 2,
    "fields": {
        "type": 2,
        "value": 5,
        "amount_products": 5,
        "expires": null,
        "categories": []
    }
},
{
    "model": "sellers.discount",
    "pk": 3,
    "fields": {
        "type": 3,
        "value": 3,
        "amount_products": null,
        "expires": null,
        "categories": [
            3,
            8
        ]
    }
},
{
    "model": "sellers.discounttype",
    "pk": 1,
    "fields": {
        "name": "undiscounted"
    }
},
{
    "model": "sellers.discounttype",
    "pk": 2,
    "fields": {
        "name": "cart_discount"
    }
},
{
    "model": "sellers.discounttype",
    "pk": 3,
    "fields": {
        "name": "products_discount"
    }
},
{
    "model": "cart.usercart",
    "pk": 10,
    "fields": {
        "user": 7,
        "items": {
            "1": 1,
            "13": 1,
            "14": 1,
            "18": 1
        }
    }
},
{
    "model": "cart.usercart",
    "pk": 19,
    "fields": {
        "user": 3,
        "items": {}
    }
},
{
    "model": "cart.usercart",
    "pk": 20,
    "fields": {
        "user": 8,
        "items": {
            "1": 1,
            "6": 3
        }
    }
},
{
    "model": "tags.tag",
    "pk": 1,
    "fields": {
        "name": "выгодное",
        "products": [
            1,
            2,
            4,
            6,
            10,
            11,
            12,
            13,
            14,
            15,
            17
        ]
    }
},
{
    "model": "tags.tag",
    "pk": 2,
    "fields": {
        "name": "свежее",
        "products": [
            2,
            4
        ]
    }
},
{
    "model": "tags.tag",
    "pk": 3,
    "fields": {
        "name": "лучшее",
        "products": [
            8,
            7
        ]
    }
}
]
