[
{
    "model": "products.product",
    "pk": 1,
    "fields": {
        "name": "cola",
        "preview": "images/products/product_cola/product_preview/cola.jpg",
        "description": ".",
        "is_active": true,
        "slug": "cola",
        "categories": [
            4
        ]
    }
},
{
    "model": "products.product",
    "pk": 2,
    "fields": {
        "name": "tomato",
        "preview": "images/products/product_tomato/product_preview/Tomato.png",
        "description": ".",
        "is_active": true,
        "slug": "tomato",
        "categories": [
            3
        ]
    }
},
{
    "model": "products.product",
    "pk": 3,
    "fields": {
        "name": "Апельсиновый сок",
        "preview": "images/products/product_orange-juice/product_preview/Апельсиновый_сок.jpg",
        "description": "Свежевыжатый апельсиновый сок",
        "is_active": true,
        "slug": "orange-juice",
        "categories": [
            5
        ]
    }
},
{
    "model": "products.product",
    "pk": 4,
    "fields": {
        "name": "Морковь",
        "preview": "images/products/product_carrot/product_preview/Морковь.jpg",
        "description": "Свежая и хрустящая",
        "is_active": true,
        "slug": "carrot",
        "categories": [
            3
        ]
    }
},
{
    "model": "products.product",
    "pk": 5,
    "fields": {
        "name": "Виноградный сок",
        "preview": "images/products/product_grape-juice/product_preview/Виноградный_сок.jpg",
        "description": "Сок из свежего Кубанского винограда",
        "is_active": true,
        "slug": "grape-juice",
        "categories": [
            5
        ]
    }
},
{
    "model": "products.product",
    "pk": 6,
    "fields": {
        "name": "Картошка",
        "preview": "images/products/product_potato/product_preview/Картофель.jpg",
        "description": "Вкуснейшая беллорусская картошка",
        "is_active": true,
        "slug": "potato",
        "categories": [
            3
        ]
    }
},
{
    "model": "products.product",
    "pk": 7,
    "fields": {
        "name": "Чай",
        "preview": "images/products/product_chaj/product_preview/Чашка.png",
        "description": "Чашка согревающего чая",
        "is_active": true,
        "slug": "chaj",
        "categories": [
            4
        ]
    }
},
{
    "model": "products.product",
    "pk": 8,
    "fields": {
        "name": "Телевизор лучший",
        "preview": "images/products/product_televizor-luchshij/product_preview/телевизор.jpg",
        "description": "Самый современный телевизор",
        "is_active": true,
        "slug": "televizor-luchshij",
        "categories": [
            7
        ]
    }
},
{
    "model": "products.product",
    "pk": 9,
    "fields": {
        "name": "Лук",
        "preview": "images/products/product_luk/product_preview/лук.jpeg",
        "description": "Хороший лук",
        "is_active": true,
        "slug": "luk",
        "categories": [
            3
        ]
    }
},
{
    "model": "products.product",
    "pk": 10,
    "fields": {
        "name": "Капуста",
        "preview": "images/products/product_kapusta/product_preview/капуста.jfif",
        "description": "Свежая капуста с огорода",
        "is_active": true,
        "slug": "kapusta",
        "categories": [
            3
        ]
    }
},
{
    "model": "products.productfeedback",
    "pk": 7,
    "fields": {
        "user": 4,
        "feedback_text": "Насыщенный вкус!!!",
        "created_at": "2023-11-10",
        "product": [
            3
        ]
    }
},
{
    "model": "products.productfeedback",
    "pk": 8,
    "fields": {
        "user": 3,
        "feedback_text": "Ничего такой!",
        "created_at": "2023-11-10",
        "product": [
            7
        ]
    }
},
{
    "model": "products.productfeedback",
    "pk": 9,
    "fields": {
        "user": 3,
        "feedback_text": "А белорусская круче!",
        "created_at": "2023-11-10",
        "product": [
            6
        ]
    }
},
{
    "model": "products.productfeedback",
    "pk": 10,
    "fields": {
        "user": 5,
        "feedback_text": "А белорусская круче!!",
        "created_at": "2023-11-10",
        "product": [
            6
        ]
    }
},
{
    "model": "products.productfeedback",
    "pk": 11,
    "fields": {
        "user": 3,
        "feedback_text": "Так бы и ел ее целый день!",
        "created_at": "2023-11-10",
        "product": [
            4
        ]
    }
},
{
    "model": "products.productfeedback",
    "pk": 12,
    "fields": {
        "user": 4,
        "feedback_text": "Так бы и ел ее целый день!!",
        "created_at": "2023-11-10",
        "product": [
            4
        ]
    }
},
{
    "model": "products.productfeedback",
    "pk": 13,
    "fields": {
        "user": 5,
        "feedback_text": "Так бы и ел ее целый день!!!",
        "created_at": "2023-11-10",
        "product": [
            4
        ]
    }
},
{
    "model": "products.productviewhistory",
    "pk": 1,
    "fields": {
        "user": 3,
        "product": 5,
        "view_at": "2023-11-10"
    }
},
{
    "model": "products.productviewhistory",
    "pk": 2,
    "fields": {
        "user": 3,
        "product": 3,
        "view_at": "2023-11-10"
    }
},
{
    "model": "products.productviewhistory",
    "pk": 3,
    "fields": {
        "user": 3,
        "product": 7,
        "view_at": "2023-11-10"
    }
},
{
    "model": "products.productviewhistory",
    "pk": 4,
    "fields": {
        "user": 3,
        "product": 6,
        "view_at": "2023-11-10"
    }
},
{
    "model": "products.productviewhistory",
    "pk": 5,
    "fields": {
        "user": 3,
        "product": 4,
        "view_at": "2023-11-10"
    }
},
{
    "model": "products.productviewhistory",
    "pk": 6,
    "fields": {
        "user": 4,
        "product": 5,
        "view_at": "2023-11-10"
    }
},
{
    "model": "products.productviewhistory",
    "pk": 7,
    "fields": {
        "user": 4,
        "product": 7,
        "view_at": "2023-11-10"
    }
},
{
    "model": "products.productviewhistory",
    "pk": 8,
    "fields": {
        "user": 4,
        "product": 4,
        "view_at": "2023-11-10"
    }
},
{
    "model": "products.productviewhistory",
    "pk": 9,
    "fields": {
        "user": 5,
        "product": 3,
        "view_at": "2023-11-10"
    }
},
{
    "model": "products.productviewhistory",
    "pk": 10,
    "fields": {
        "user": 5,
        "product": 6,
        "view_at": "2023-11-10"
    }
},
{
    "model": "products.productviewhistory",
    "pk": 11,
    "fields": {
        "user": 5,
        "product": 2,
        "view_at": "2023-11-10"
    }
},
{
    "model": "products.productviewhistory",
    "pk": 12,
    "fields": {
        "user": 5,
        "product": 1,
        "view_at": "2023-11-10"
    }
},
{
    "model": "categories.category",
    "pk": 1,
    "fields": {
        "name": "Еда",
        "parent": null,
        "slug": "food"
    }
},
{
    "model": "categories.category",
    "pk": 3,
    "fields": {
        "name": "Овощи",
        "parent": 1,
        "slug": "vegetables"
    }
},
{
    "model": "categories.category",
    "pk": 6,
    "fields": {
        "name": "Сок",
        "parent": 7,
        "slug": "sok"
    }
},
{
    "model": "categories.category",
    "pk": 7,
    "fields": {
        "name": "Напитки",
        "parent": null,
        "slug": "napitki"
    }
},
{
    "model": "categories.category",
    "pk": 6,
    "fields": {
        "name": "электроника",
        "parent": null,
        "slug": "elektronika"
    }
},
{
    "model": "categories.category",
    "pk": 7,
    "fields": {
        "name": "телевизоры",
        "parent": 6,
        "slug": "televizory"
    }
},
{
    "model": "banner_app.bannerslider",
    "pk": 18,
    "fields": {
        "product": 1,
        "is_active": true,
        "title": "Праздник к нам приходит",
        "text": "Всегда Coca-Cola",
        "created_at": "2023-11-02"
    }
},
{
    "model": "banner_app.bannerslider",
    "pk": 19,
    "fields": {
        "product": 2,
        "is_active": true,
        "title": "Лучший тамат на рынке",
        "text": "Всегда спелые!!!",
        "created_at": "2023-11-02"
    }
},
{
    "model": "banner_app.bannerslider",
    "pk": 20,
    "fields": {
        "product": 3,
        "is_active": true,
        "title": "Натуральный вкус на все времена",
        "text": "Без добавления химии",
        "created_at": "2023-11-02"
    }
},
{
    "model": "banner_app.bannerslider",
    "pk": 21,
    "fields": {
        "product": 4,
        "is_active": true,
        "title": "Отборная морковь",
        "text": "Свежая и хрустящая",
        "created_at": "2023-11-02"
    }
},
{
    "model": "banner_app.bannerslider",
    "pk": 22,
    "fields": {
        "product": 5,
        "is_active": true,
        "title": "Несравненный",
        "text": "Удалит жажду в любое время годя",
        "created_at": "2023-11-02"
    }
},
{
    "model": "banner_app.bannerslider",
    "pk": 23,
    "fields": {
        "product": 6,
        "is_active": true,
        "title": "Белорусская - отборная",
        "text": "Лучший импортный картофель на российском рынке",
        "created_at": "2023-11-02"
    }
},
{
    "model": "banner_app.bannerslider",
    "pk": 24,
    "fields": {
        "product": 7,
        "is_active": true,
        "title": "Согреет душу",
        "text": "Всегда вкусный и насыщенный",
        "created_at": "2023-11-02"
    }
},
{
    "model": "settingsapp.cachetime",
    "pk": 1,
    "fields": {
        "categories_cache": 86400,
        "seller_data_cache": 86400,
        "banners_cache": 600,
        "products_cache": 86400,
        "top_products_cache": 3600,
        "product_data_cache": 86400
    }
},
{
    "model": "orders.order",
    "pk": 48,
    "fields": {
        "cost": "2691.00",
        "comment": "",
        "delivery_address": "dfsdf",
        "created_at": "2023-11-17T15:48:21.003Z",
        "status": 1,
        "seller_products": [
            8,
            2,
            4,
            6
        ]
    }
},
{
    "model": "orders.orderstatus",
    "pk": 1,
    "fields": {
        "name": "payed"
    }
},
{
    "model": "orders.orderstatus",
    "pk": 2,
    "fields": {
        "name": "not paid"
    }
},
{
    "model": "sellers.seller",
    "pk": 1,
    "fields": {
        "name": "DNS",
        "description": "Лучший магазин техники",
        "logo": "images/sellers/dns/logo/dns_rgr16qU.jpg",
        "archived": false,
        "slug": "dns"
    }
},
{
    "model": "sellers.seller",
    "pk": 2,
    "fields": {
        "name": "mvideo",
        "description": "Лучше  чем  DNS",
        "logo": "images/sellers/mvideo/logo/mvideo_13Jz1AM.png",
        "archived": false,
        "slug": "mvideo"
    }
},
{
    "model": "sellers.seller",
    "pk": 3,
    "fields": {
        "name": "Овощной магазин",
        "description": "Самые свежие овощи на рынке",
        "logo": "images/sellers/ovoshnoj-magazin/logo/овощной_магазин_UkoA6tF.png",
        "archived": false,
        "slug": "ovoshnoj-magazin"
    }
},
{
    "model": "sellers.seller",
    "pk": 4,
    "fields": {
        "name": "Магазин напитков",
        "description": "Освежись, взбодрись!",
        "logo": "images/sellers/magazin-napitkov/logo/Без_названия.png",
        "archived": false,
        "slug": "magazin-napitkov"
    }
},
{
    "model": "sellers.sellerproduct",
    "pk": 1,
    "fields": {
        "product": 2,
        "seller": 3,
        "price": "12.00",
        "stock": 31,
        "discount": 1,
        "sales": 1
    }
},
{
    "model": "sellers.sellerproduct",
    "pk": 2,
    "fields": {
        "product": 4,
        "seller": 3,
        "price": "123.00",
        "stock": 312,
        "discount": 1,
        "sales": 2
    }
},
{
    "model": "sellers.sellerproduct",
    "pk": 3,
    "fields": {
        "product": 6,
        "seller": 3,
        "price": "324.00",
        "stock": 330,
        "discount": 1,
        "sales": 2
    }
},
{
    "model": "sellers.sellerproduct",
    "pk": 4,
    "fields": {
        "product": 8,
        "seller": 1,
        "price": "2322.00",
        "stock": 9,
        "discount": 1,
        "sales": 2
    }
},
{
    "model": "sellers.sellerproduct",
    "pk": 5,
    "fields": {
        "product": 8,
        "seller": 2,
        "price": "2344.00",
        "stock": 22,
        "discount": 1,
        "sales": 0
    }
},
{
    "model": "sellers.sellerproduct",
    "pk": 6,
    "fields": {
        "product": 1,
        "seller": 4,
        "price": "33.00",
        "stock": 122,
        "discount": 1,
        "sales": 1
    }
},
{
    "model": "sellers.sellerproduct",
    "pk": 7,
    "fields": {
        "product": 3,
        "seller": 4,
        "price": "223.00",
        "stock": 11,
        "discount": 1,
        "sales": 0
    }
},
{
    "model": "sellers.sellerproduct",
    "pk": 8,
    "fields": {
        "product": 5,
        "seller": 4,
        "price": "213.00",
        "stock": 22,
        "discount": 1,
        "sales": 1
    }
},
{
    "model": "sellers.sellerproduct",
    "pk": 9,
    "fields": {
        "product": 9,
        "seller": 3,
        "price": "343.00",
        "stock": 343,
        "discount": 1,
        "sales": 0
    }
},
{
    "model": "sellers.sellerproduct",
    "pk": 10,
    "fields": {
        "product": 10,
        "seller": 3,
        "price": "342.00",
        "stock": 43,
        "discount": 1,
        "sales": 0
    }
},
{
    "model": "sellers.discount",
    "pk": 1,
    "fields": {
        "name": "Без скидки",
        "value": 0
    }
}
]
