[
{
    "model": "products.product",
    "pk": 1,
    "fields": {
        "name": "cola",
        "preview": "images/products/product_cola/product_preview/cola.jpg",
        "description": ".",
        "is_active": true,
        "slug": "cola",
        "categories": [
            4
        ]
    }
},
{
    "model": "products.product",
    "pk": 2,
    "fields": {
        "name": "tomato",
        "preview": "images/products/product_tomato/product_preview/Tomato.png",
        "description": ".",
        "is_active": true,
        "slug": "tomato",
        "categories": [
            3
        ]
    }
},
{
    "model": "products.product",
    "pk": 3,
    "fields": {
        "name": "–ê–ø–µ–ª—å—Å–∏–Ω–æ–≤—ã–π —Å–æ–∫",
        "preview": "images/products/product_orange-juice/product_preview/–ê–ø–µ–ª—å—Å–∏–Ω–æ–≤—ã–π_—Å–æ–∫.jpg",
        "description": "–°–≤–µ–∂–µ–≤—ã–∂–∞—Ç—ã–π –∞–ø–µ–ª—å—Å–∏–Ω–æ–≤—ã–π —Å–æ–∫",
        "is_active": true,
        "slug": "orange-juice",
        "categories": [
            5
        ]
    }
},
{
    "model": "products.product",
    "pk": 4,
    "fields": {
        "name": "–ú–æ—Ä–∫–æ–≤—å",
        "preview": "images/products/product_carrot/product_preview/–ú–æ—Ä–∫–æ–≤—å.jpg",
        "description": "–°–≤–µ–∂–∞—è –∏ —Ö—Ä—É—Å—Ç—è—â–∞—è",
        "is_active": true,
        "slug": "carrot",
        "categories": [
            3
        ]
    }
},
{
    "model": "products.product",
    "pk": 5,
    "fields": {
        "name": "–í–∏–Ω–æ–≥—Ä–∞–¥–Ω—ã–π —Å–æ–∫",
        "preview": "images/products/product_grape-juice/product_preview/–í–∏–Ω–æ–≥—Ä–∞–¥–Ω—ã–π_—Å–æ–∫.jpg",
        "description": "–°–æ–∫ –∏–∑ —Å–≤–µ–∂–µ–≥–æ –ö—É–±–∞–Ω—Å–∫–æ–≥–æ –≤–∏–Ω–æ–≥—Ä–∞–¥–∞",
        "is_active": true,
        "slug": "grape-juice",
        "categories": [
            5
        ]
    }
},
{
    "model": "products.product",
    "pk": 6,
    "fields": {
        "name": "–ö–∞—Ä—Ç–æ—à–∫–∞",
        "preview": "images/products/product_potato/product_preview/–ö–∞—Ä—Ç–æ—Ñ–µ–ª—å.jpg",
        "description": "–í–∫—É—Å–Ω–µ–π—à–∞—è –±–µ–ª–ª–æ—Ä—É—Å—Å–∫–∞—è –∫–∞—Ä—Ç–æ—à–∫–∞",
        "is_active": true,
        "slug": "potato",
        "categories": [
            3
        ]
    }
},
{
    "model": "products.product",
    "pk": 7,
    "fields": {
        "name": "–ß–∞–π",
        "preview": "images/products/product_chaj/product_preview/–ß–∞—à–∫–∞.png",
        "description": "–ß–∞—à–∫–∞ —Å–æ–≥—Ä–µ–≤–∞—é—â–µ–≥–æ —á–∞—è",
        "is_active": true,
        "slug": "chaj",
        "categories": [
            4
        ]
    }
},
{
    "model": "products.product",
    "pk": 8,
    "fields": {
        "name": "–¢–µ–ª–µ–≤–∏–∑–æ—Ä –ª—É—á—à–∏–π",
        "preview": "images/products/product_televizor-luchshij/product_preview/—Ç–µ–ª–µ–≤–∏–∑–æ—Ä.jpg",
        "description": "–°–∞–º—ã–π —Å–æ–≤—Ä–µ–º–µ–Ω–Ω—ã–π —Ç–µ–ª–µ–≤–∏–∑–æ—Ä",
        "is_active": true,
        "slug": "televizor-luchshij",
        "categories": [
            7
        ]
    }
},
{
    "model": "products.product",
    "pk": 9,
    "fields": {
        "name": "–õ—É–∫",
        "preview": "images/products/product_luk/product_preview/–ª—É–∫.jpeg",
        "description": "–•–æ—Ä–æ—à–∏–π –ª—É–∫",
        "is_active": true,
        "slug": "luk",
        "categories": [
            3
        ]
    }
},
{
    "model": "products.product",
    "pk": 10,
    "fields": {
        "name": "–ö–∞–ø—É—Å—Ç–∞",
        "preview": "images/products/product_kapusta/product_preview/–∫–∞–ø—É—Å—Ç–∞.jfif",
        "description": "–°–≤–µ–∂–∞—è –∫–∞–ø—É—Å—Ç–∞ —Å –æ–≥–æ—Ä–æ–¥–∞",
        "is_active": true,
        "slug": "kapusta",
        "categories": [
            3
        ]
    }
},
{
    "model": "products.productfeedback",
    "pk": 7,
    "fields": {
        "user": 4,
        "feedback_text": "–ù–∞—Å—ã—â–µ–Ω–Ω—ã–π –≤–∫—É—Å!!!",
        "created_at": "2023-11-10",
        "product": [
            3
        ]
    }
},
{
    "model": "products.productfeedback",
    "pk": 8,
    "fields": {
        "user": 3,
        "feedback_text": "–ù–∏—á–µ–≥–æ —Ç–∞–∫–æ–π!",
        "created_at": "2023-11-10",
        "product": [
            7
        ]
    }
},
{
    "model": "products.productfeedback",
    "pk": 9,
    "fields": {
        "user": 3,
        "feedback_text": "–ê –±–µ–ª–æ—Ä—É—Å—Å–∫–∞—è –∫—Ä—É—á–µ!",
        "created_at": "2023-11-10",
        "product": [
            6
        ]
    }
},
{
    "model": "products.productfeedback",
    "pk": 10,
    "fields": {
        "user": 5,
        "feedback_text": "–ê –±–µ–ª–æ—Ä—É—Å—Å–∫–∞—è –∫—Ä—É—á–µ!!",
        "created_at": "2023-11-10",
        "product": [
            6
        ]
    }
},
{
    "model": "products.productfeedback",
    "pk": 11,
    "fields": {
        "user": 3,
        "feedback_text": "–¢–∞–∫ –±—ã –∏ –µ–ª –µ–µ —Ü–µ–ª—ã–π –¥–µ–Ω—å!",
        "created_at": "2023-11-10",
        "product": [
            4
        ]
    }
},
{
    "model": "products.productfeedback",
    "pk": 12,
    "fields": {
        "user": 4,
        "feedback_text": "–¢–∞–∫ –±—ã –∏ –µ–ª –µ–µ —Ü–µ–ª—ã–π –¥–µ–Ω—å!!",
        "created_at": "2023-11-10",
        "product": [
            4
        ]
    }
},
{
    "model": "products.productfeedback",
    "pk": 13,
    "fields": {
        "user": 5,
        "feedback_text": "–¢–∞–∫ –±—ã –∏ –µ–ª –µ–µ —Ü–µ–ª—ã–π –¥–µ–Ω—å!!!",
        "created_at": "2023-11-10",
        "product": [
            4
        ]
    }
},
{
    "model": "products.productfeedback",
    "pk": 14,
    "fields": {
        "user": 2,
        "feedback_text": "“‡Í ·˚ Ë ÂÎ ÂÂ ˆÂÎ˚È ‰ÂÌ¸!!!!",
        "created_at": "2023-11-14",
        "product": [
            4
        ]
    }
},
{
    "model": "products.productfeedback",
    "pk": 15,
    "fields": {
        "user": 1,
        "feedback_text": "“‡Í ·˚ Ë ÂÎ ÂÂ ˆÂÎ˚È ‰ÂÌ¸!!!!!",
        "created_at": "2023-11-14",
        "product": [
            4
        ]
    }
},
{
    "model": "products.productviewhistory",
    "pk": 1,
    "fields": {
        "user": 3,
        "product": 5,
        "view_at": "2023-11-10"
    }
},
{
    "model": "products.productviewhistory",
    "pk": 2,
    "fields": {
        "user": 3,
        "product": 3,
        "view_at": "2023-11-10"
    }
},
{
    "model": "products.productviewhistory",
    "pk": 3,
    "fields": {
        "user": 3,
        "product": 7,
        "view_at": "2023-11-10"
    }
},
{
    "model": "products.productviewhistory",
    "pk": 4,
    "fields": {
        "user": 3,
        "product": 6,
        "view_at": "2023-11-10"
    }
},
{
    "model": "products.productviewhistory",
    "pk": 5,
    "fields": {
        "user": 3,
        "product": 4,
        "view_at": "2023-11-10"
    }
},
{
    "model": "products.productviewhistory",
    "pk": 6,
    "fields": {
        "user": 4,
        "product": 5,
        "view_at": "2023-11-10"
    }
},
{
    "model": "products.productviewhistory",
    "pk": 7,
    "fields": {
        "user": 4,
        "product": 7,
        "view_at": "2023-11-10"
    }
},
{
    "model": "products.productviewhistory",
    "pk": 8,
    "fields": {
        "user": 4,
        "product": 4,
        "view_at": "2023-11-10"
    }
},
{
    "model": "products.productviewhistory",
    "pk": 9,
    "fields": {
        "user": 5,
        "product": 3,
        "view_at": "2023-11-10"
    }
},
{
    "model": "products.productviewhistory",
    "pk": 10,
    "fields": {
        "user": 5,
        "product": 6,
        "view_at": "2023-11-10"
    }
},
{
    "model": "products.productviewhistory",
    "pk": 11,
    "fields": {
        "user": 5,
        "product": 2,
        "view_at": "2023-11-10"
    }
},
{
    "model": "products.productviewhistory",
    "pk": 12,
    "fields": {
        "user": 5,
        "product": 1,
        "view_at": "2023-11-10"
    }
},
{
    "model": "products.productviewhistory",
    "pk": 13,
    "fields": {
        "user": 5,
        "product": 7,
        "view_at": "2023-11-14"
    }
},
{
    "model": "products.productviewhistory",
    "pk": 14,
    "fields": {
        "user": 4,
        "product": 3,
        "view_at": "2023-11-14"
    }
},
{
    "model": "products.productviewhistory",
    "pk": 15,
    "fields": {
        "user": 2,
        "product": 3,
        "view_at": "2023-11-14"
    }
},
{
    "model": "categories.category",
    "pk": 1,
    "fields": {
        "name": "–ï–¥–∞",
        "parent": null,
        "slug": "food"
    }
},
{
    "model": "categories.category",
    "pk": 3,
    "fields": {
        "name": "–û–≤–æ—â–∏",
        "parent": 1,
        "slug": "vegetables"
    }
},
{
    "model": "categories.category",
    "pk": 6,
    "fields": {
        "name": "–°–æ–∫",
        "parent": 7,
        "slug": "sok"
    }
},
{
    "model": "categories.category",
    "pk": 7,
    "fields": {
        "name": "–ù–∞–ø–∏—Ç–∫–∏",
        "parent": null,
        "slug": "napitki"
    }
},
{
    "model": "categories.category",
    "pk": 6,
    "fields": {
        "name": "—ç–ª–µ–∫—Ç—Ä–æ–Ω–∏–∫–∞",
        "parent": null,
        "slug": "elektronika"
    }
},
{
    "model": "categories.category",
    "pk": 7,
    "fields": {
        "name": "—Ç–µ–ª–µ–≤–∏–∑–æ—Ä—ã",
        "parent": 6,
        "slug": "televizory"
    }
},
{
    "model": "banner_app.bannerslider",
    "pk": 18,
    "fields": {
        "product": 1,
        "is_active": true,
        "title": "–ü—Ä–∞–∑–¥–Ω–∏–∫ –∫ –Ω–∞–º –ø—Ä–∏—Ö–æ–¥–∏—Ç",
        "text": "–í—Å–µ–≥–¥–∞ Coca-Cola",
        "created_at": "2023-11-02"
    }
},
{
    "model": "banner_app.bannerslider",
    "pk": 19,
    "fields": {
        "product": 2,
        "is_active": true,
        "title": "–õ—É—á—à–∏–π —Ç–∞–º–∞—Ç –Ω–∞ —Ä—ã–Ω–∫–µ",
        "text": "–í—Å–µ–≥–¥–∞ —Å–ø–µ–ª—ã–µ!!!",
        "created_at": "2023-11-02"
    }
},
{
    "model": "banner_app.bannerslider",
    "pk": 20,
    "fields": {
        "product": 3,
        "is_active": true,
        "title": "–ù–∞—Ç—É—Ä–∞–ª—å–Ω—ã–π –≤–∫—É—Å –Ω–∞ –≤—Å–µ –≤—Ä–µ–º–µ–Ω–∞",
        "text": "–ë–µ–∑ –¥–æ–±–∞–≤–ª–µ–Ω–∏—è —Ö–∏–º–∏–∏",
        "created_at": "2023-11-02"
    }
},
{
    "model": "banner_app.bannerslider",
    "pk": 21,
    "fields": {
        "product": 4,
        "is_active": true,
        "title": "–û—Ç–±–æ—Ä–Ω–∞—è –º–æ—Ä–∫–æ–≤—å",
        "text": "–°–≤–µ–∂–∞—è –∏ —Ö—Ä—É—Å—Ç—è—â–∞—è",
        "created_at": "2023-11-02"
    }
},
{
    "model": "banner_app.bannerslider",
    "pk": 22,
    "fields": {
        "product": 5,
        "is_active": true,
        "title": "–ù–µ—Å—Ä–∞–≤–Ω–µ–Ω–Ω—ã–π",
        "text": "–£–¥–∞–ª–∏—Ç –∂–∞–∂–¥—É –≤ –ª—é–±–æ–µ –≤—Ä–µ–º—è –≥–æ–¥—è",
        "created_at": "2023-11-02"
    }
},
{
    "model": "banner_app.bannerslider",
    "pk": 23,
    "fields": {
        "product": 6,
        "is_active": true,
        "title": "–ë–µ–ª–æ—Ä—É—Å—Å–∫–∞—è - –æ—Ç–±–æ—Ä–Ω–∞—è",
        "text": "–õ—É—á—à–∏–π –∏–º–ø–æ—Ä—Ç–Ω—ã–π –∫–∞—Ä—Ç–æ—Ñ–µ–ª—å –Ω–∞ —Ä–æ—Å—Å–∏–π—Å–∫–æ–º —Ä—ã–Ω–∫–µ",
        "created_at": "2023-11-02"
    }
},
{
    "model": "banner_app.bannerslider",
    "pk": 24,
    "fields": {
        "product": 7,
        "is_active": true,
        "title": "–°–æ–≥—Ä–µ–µ—Ç –¥—É—à—É",
        "text": "–í—Å–µ–≥–¥–∞ –≤–∫—É—Å–Ω—ã–π –∏ –Ω–∞—Å—ã—â–µ–Ω–Ω—ã–π",
        "created_at": "2023-11-02"
    }
},
{
    "model": "settingsapp.cachetime",
    "pk": 1,
    "fields": {
        "categories_cache": 86400,
        "seller_data_cache": 86400,
        "banners_cache": 600,
        "products_cache": 86400,
        "top_products_cache": 3600,
        "product_data_cache": 86400
    }
},
{
    "model": "orders.order",
    "pk": 48,
    "fields": {
        "cost": "2691.00",
        "comment": "",
        "delivery_address": "dfsdf",
        "created_at": "2023-11-17T15:48:21.003Z",
        "status": 1,
        "seller_products": [
            8,
            2,
            4,
            6
        ]
    }
},
{
    "model": "orders.orderstatus",
    "pk": 1,
    "fields": {
        "name": "payed"
    }
},
{
    "model": "orders.orderstatus",
    "pk": 2,
    "fields": {
        "name": "not paid"
    }
},
{
    "model": "sellers.seller",
    "pk": 1,
    "fields": {
        "name": "DNS",
        "description": "–õ—É—á—à–∏–π –º–∞–≥–∞–∑–∏–Ω —Ç–µ—Ö–Ω–∏–∫–∏",
        "logo": "images/sellers/dns/logo/dns_rgr16qU.jpg",
        "archived": false,
        "slug": "dns"
    }
},
{
    "model": "sellers.seller",
    "pk": 2,
    "fields": {
        "name": "mvideo",
        "description": "–õ—É—á—à–µ  —á–µ–º  DNS",
        "logo": "images/sellers/mvideo/logo/mvideo_13Jz1AM.png",
        "archived": false,
        "slug": "mvideo"
    }
},
{
    "model": "sellers.seller",
    "pk": 3,
    "fields": {
        "name": "–û–≤–æ—â–Ω–æ–π –º–∞–≥–∞–∑–∏–Ω",
        "description": "–°–∞–º—ã–µ —Å–≤–µ–∂–∏–µ –æ–≤–æ—â–∏ –Ω–∞ —Ä—ã–Ω–∫–µ",
        "logo": "images/sellers/ovoshnoj-magazin/logo/–æ–≤–æ—â–Ω–æ–π_–º–∞–≥–∞–∑–∏–Ω_UkoA6tF.png",
        "archived": false,
        "slug": "ovoshnoj-magazin"
    }
},
{
    "model": "sellers.seller",
    "pk": 4,
    "fields": {
        "name": "–ú–∞–≥–∞–∑–∏–Ω –Ω–∞–ø–∏—Ç–∫–æ–≤",
        "description": "–û—Å–≤–µ–∂–∏—Å—å, –≤–∑–±–æ–¥—Ä–∏—Å—å!",
        "logo": "images/sellers/magazin-napitkov/logo/–ë–µ–∑_–Ω–∞–∑–≤–∞–Ω–∏—è.png",
        "archived": false,
        "slug": "magazin-napitkov"
    }
},
{
    "model": "sellers.sellerproduct",
    "pk": 1,
    "fields": {
        "product": 2,
        "seller": 3,
        "price": "12.00",
        "stock": 31,
        "discount": 1,
        "sales": 1
    }
},
{
    "model": "sellers.sellerproduct",
    "pk": 2,
    "fields": {
        "product": 4,
        "seller": 3,
        "price": "123.00",
        "stock": 312,
        "discount": 1,
        "sales": 2
    }
},
{
    "model": "sellers.sellerproduct",
    "pk": 3,
    "fields": {
        "product": 6,
        "seller": 3,
        "price": "324.00",
        "stock": 330,
        "discount": 1,
        "sales": 2
    }
},
{
    "model": "sellers.sellerproduct",
    "pk": 4,
    "fields": {
        "product": 8,
        "seller": 1,
        "price": "2322.00",
        "stock": 9,
        "discount": 1,
        "sales": 2
    }
},
{
    "model": "sellers.sellerproduct",
    "pk": 5,
    "fields": {
        "product": 8,
        "seller": 2,
        "price": "2344.00",
        "stock": 22,
        "discount": 1,
        "sales": 0
    }
},
{
    "model": "sellers.sellerproduct",
    "pk": 6,
    "fields": {
        "product": 1,
        "seller": 4,
        "price": "33.00",
        "stock": 122,
        "discount": 1,
        "sales": 1
    }
},
{
    "model": "sellers.sellerproduct",
    "pk": 7,
    "fields": {
        "product": 3,
        "seller": 4,
        "price": "223.00",
        "stock": 11,
        "discount": 1,
        "sales": 0
    }
},
{
    "model": "sellers.sellerproduct",
    "pk": 8,
    "fields": {
        "product": 5,
        "seller": 4,
        "price": "213.00",
        "stock": 22,
        "discount": 1,
        "sales": 1
    }
},
{
    "model": "sellers.sellerproduct",
    "pk": 9,
    "fields": {
        "product": 9,
        "seller": 3,
        "price": "343.00",
        "stock": 343,
        "discount": 1,
        "sales": 0
    }
},
{
    "model": "sellers.sellerproduct",
    "pk": 10,
    "fields": {
        "product": 10,
        "seller": 3,
        "price": "342.00",
        "stock": 43,
        "discount": 1,
        "sales": 0
    }
},
{
    "model": "sellers.discount",
    "pk": 1,
    "fields": {
        "name": "–ë–µ–∑ —Å–∫–∏–¥–∫–∏",
        "value": 0
    }
}
]
