[
{
    "model": "products.product",
    "pk": 1,
    "fields": {
        "name": "кола",
        "preview": "images/products/product_cola/product_preview/cola.jpg",
        "description": ".",
        "is_active": true,
        "slug": "cola",
        "categories": [
            4
        ]
    }
},
{
    "model": "products.product",
    "pk": 2,
    "fields": {
        "name": "томат",
        "preview": "images/products/product_tomato/product_preview/Tomato.png",
        "description": ".",
        "is_active": true,
        "slug": "tomato",
        "categories": [
            3
        ]
    }
},
{
    "model": "products.product",
    "pk": 3,
    "fields": {
        "name": "апельсиновый сок",
        "preview": "images/products/product_orange-juice/product_preview/Orangejuice.jpg",
        "description": ".",
        "is_active": true,
        "slug": "orange-juice",
        "categories": [
            5
        ]
    }
},
{
    "model": "products.product",
    "pk": 4,
    "fields": {
        "name": "морковь",
        "preview": "images/products/product_carrot/product_preview/carrot.jpg",
        "description": ".",
        "is_active": true,
        "slug": "carrot",
        "categories": [
            3
        ]
    }
},
{
    "model": "products.product",
    "pk": 5,
    "fields": {
        "name": "виноградный сок",
        "preview": "images/products/product_grape-juice/product_preview/grapejuice.jpg",
        "description": ".",
        "is_active": true,
        "slug": "grape-juice",
        "categories": [
            5
        ]
    }
},
{
    "model": "products.product",
    "pk": 6,
    "fields": {
        "name": "картофель",
        "preview": "images/products/product_potato/product_preview/potato.png",
        "description": ".",
        "is_active": true,
        "slug": "potato",
        "categories": [
            3
        ]
    }
},
{
    "model": "products.product",
    "pk": 7,
    "fields": {
        "name": "Чай",
        "preview": "images/products/product_chaj/product_preview/Чашка.png",
        "description": "Чашка согревающего чая",
        "is_active": true,
        "slug": "chaj",
        "categories": [
            4
        ]
    }
},
{
    "model": "products.product",
    "pk": 8,
    "fields": {
        "name": "Телевизор лучший",
        "preview": "images/products/product_televizor-luchshij/product_preview/телевизор.jpg",
        "description": "Самый современный телевизор",
        "is_active": true,
        "slug": "televizor-luchshij",
        "categories": [
            7
        ]
    }
},
{
    "model": "products.product",
    "pk": 9,
    "fields": {
        "name": "Лук",
        "preview": "images/products/product_luk/product_preview/лук.jpeg",
        "description": "Хороший лук",
        "is_active": true,
        "slug": "luk",
        "categories": [
            3
        ]
    }
},
{
    "model": "products.product",
    "pk": 10,
    "fields": {
        "name": "Капуста",
        "preview": "images/products/product_kapusta/product_preview/капуста.jfif",
        "description": "Свежая капуста с огорода",
        "is_active": true,
        "slug": "kapusta",
        "categories": [
            3
        ]
    }
},
{
    "model": "products.product",
    "pk": 11,
    "fields": {
        "name": "кабачок",
        "preview": "images/products/product_kabachok/product_preview/кабачок.png",
        "description": "лучшие кабачки",
        "is_active": true,
        "slug": "kabachok",
        "categories": [
            3
        ]
    }
},
{
    "model": "products.product",
    "pk": 12,
    "fields": {
        "name": "брокколи",
        "preview": "images/products/product_brokkoli/product_preview/брокколи.png",
        "description": "вкусная брокколи",
        "is_active": true,
        "slug": "brokkoli",
        "categories": [
            3
        ]
    }
},
{
    "model": "products.product",
    "pk": 13,
    "fields": {
        "name": "шпинат",
        "preview": "images/products/product_shpinat/product_preview/шпинат.jpg",
        "description": "лучший шпинат",
        "is_active": true,
        "slug": "shpinat",
        "categories": [
            3
        ]
    }
},
{
    "model": "products.product",
    "pk": 14,
    "fields": {
        "name": "руккола",
        "preview": "images/products/product_rukkola/product_preview/руккола.jpg",
        "description": "лучшая руккола",
        "is_active": true,
        "slug": "rukkola",
        "categories": [
            3
        ]
    }
},
{
    "model": "products.product",
    "pk": 15,
    "fields": {
        "name": "кинза",
        "preview": "images/products/product_kinza/product_preview/кинза.jpg",
        "description": "лучшая кинза",
        "is_active": true,
        "slug": "kinza",
        "categories": [
            3
        ]
    }
},
{
    "model": "products.product",
    "pk": 16,
    "fields": {
        "name": "укроп",
        "preview": "images/products/product_ukrop/product_preview/укроп.jpg",
        "description": "лучший укроп",
        "is_active": true,
        "slug": "ukrop",
        "categories": [
            3
        ]
    }
},
{
    "model": "products.product",
    "pk": 17,
    "fields": {
        "name": "петрушка",
        "preview": "images/products/product_petrushka/product_preview/петрушка.jpg",
        "description": "лучшая петрушка",
        "is_active": true,
        "slug": "petrushka",
        "categories": [
            3
        ]
    }
},
{
    "model": "categories.category",
    "pk": 1,
    "fields": {
        "name": "еда",
        "parent": null,
        "slug": "food"
    }
},
{
    "model": "categories.category",
    "pk": 2,
    "fields": {
        "name": "напитки",
        "parent": null,
        "slug": "drinks"
    }
},
{
    "model": "categories.category",
    "pk": 3,
    "fields": {
        "name": "овощи",
        "parent": 1,
        "slug": "vegetables"
    }
},
{
    "model": "categories.category",
    "pk": 4,
    "fields": {
        "name": "газированные напитки",
        "parent": 2,
        "slug": "soda"
    }
},
{
    "model": "categories.category",
    "pk": 5,
    "fields": {
        "name": "соки",
        "parent": 2,
        "slug": "juices"
    }
},
{
    "model": "categories.category",
    "pk": 6,
    "fields": {
        "name": "электроника",
        "parent": null,
        "slug": "elektronika"
    }
},
{
    "model": "categories.category",
    "pk": 7,
    "fields": {
        "name": "телевизоры",
        "parent": 6,
        "slug": "televizory"
    }
},
{
    "model": "banner_app.bannerslider",
    "pk": 18,
    "fields": {
        "product": 1,
        "is_active": true,
        "title": "Праздник к нам приходит",
        "text": "Всегда Coca-Cola",
        "created_at": "2023-11-02"
    }
},
{
    "model": "banner_app.bannerslider",
    "pk": 19,
    "fields": {
        "product": 2,
        "is_active": true,
        "title": "Лучший тамат на рынке",
        "text": "Всегда спелые!!!",
        "created_at": "2023-11-02"
    }
},
{
    "model": "banner_app.bannerslider",
    "pk": 20,
    "fields": {
        "product": 3,
        "is_active": true,
        "title": "Натуральный вкус на все времена",
        "text": "Без добавления химии",
        "created_at": "2023-11-02"
    }
},
{
    "model": "banner_app.bannerslider",
    "pk": 21,
    "fields": {
        "product": 4,
        "is_active": true,
        "title": "Отборная морковь",
        "text": "Свежая и хрустящая",
        "created_at": "2023-11-02"
    }
},
{
    "model": "banner_app.bannerslider",
    "pk": 22,
    "fields": {
        "product": 5,
        "is_active": true,
        "title": "Несравненный",
        "text": "Удалит жажду в любое время годя",
        "created_at": "2023-11-02"
    }
},
{
    "model": "banner_app.bannerslider",
    "pk": 23,
    "fields": {
        "product": 6,
        "is_active": true,
        "title": "Белорусская - отборная",
        "text": "Лучший импортный картофель на российском рынке",
        "created_at": "2023-11-02"
    }
},
{
    "model": "banner_app.bannerslider",
    "pk": 24,
    "fields": {
        "product": 7,
        "is_active": true,
        "title": "Согреет душу",
        "text": "Всегда вкусный и насыщенный",
        "created_at": "2023-11-02"
    }
},
{
    "model": "settingsapp.cachetime",
    "pk": 1,
    "fields": {
        "categories_cache": 86400,
        "seller_data_cache": 86400,
        "banners_cache": 600,
        "products_cache": 86400,
        "top_products_cache": 3600,
        "product_data_cache": 86400
    }
},
{
    "model": "orders.order",
    "pk": 48,
    "fields": {
        "cost": "369.00",
        "comment": "",
        "delivery_address": "Сочи",
        "created_at": "2023-11-17T15:48:21.003Z",
        "status": 1,
        "seller_products": [
            8,
            2,
            6
        ]
    }
},
{
    "model": "orders.order",
    "pk": 49,
    "fields": {
        "cost": "3392.00",
        "comment": "доставьте мой заказ в целости и сохранности",
        "delivery_address": "Владивосток",
        "created_at": "2023-12-03T11:47:06.898Z",
        "status": 1,
        "seller_products": [
            5,
            7,
            9,
            10,
            11,
            14,
            16,
            18
        ]
    }
},
{
    "model": "orders.order",
    "pk": 50,
    "fields": {
        "cost": "3159.00",
        "comment": "быстрее пожалуйста",
        "delivery_address": "СПБ",
        "created_at": "2023-12-03T11:48:47.907Z",
        "status": 2,
        "seller_products": [
            1,
            3,
            5,
            7,
            8,
            13,
            14
        ]
    }
},
{
    "model": "orders.order",
    "pk": 51,
    "fields": {
        "cost": "5411.00",
        "comment": "",
        "delivery_address": "Москва",
        "created_at": "2023-12-03T11:49:34.600Z",
        "status": 2,
        "seller_products": [
            2,
            4,
            5,
            7,
            9,
            13,
            14,
            17
        ]
    }
},
{
    "model": "orders.orderstatus",
    "pk": 1,
    "fields": {
        "name": "payed"
    }
},
{
    "model": "orders.orderstatus",
    "pk": 2,
    "fields": {
        "name": "not paid"
    }
},
{
    "model": "profiles.profile",
    "pk": 1,
    "fields": {
        "user": 1,
        "avatar": "img/no_image.png",
        "phone": null
    }
},
{
    "model": "sellers.seller",
    "pk": 1,
    "fields": {
        "name": "DNS",
        "description": "Лучший магазин техники",
        "logo": "images/sellers/dns/logo/dns_rgr16qU.jpg",
        "archived": false,
        "slug": "dns"
    }
},
{
    "model": "sellers.seller",
    "pk": 2,
    "fields": {
        "name": "mvideo",
        "description": "Лучше  чем  DNS",
        "logo": "images/sellers/mvideo/logo/mvideo_13Jz1AM.png",
        "archived": false,
        "slug": "mvideo"
    }
},
{
    "model": "sellers.seller",
    "pk": 3,
    "fields": {
        "name": "Овощной магазин",
        "description": "Самые свежие овощи на рынке",
        "logo": "images/sellers/ovoshnoj-magazin/logo/овощной_магазин_UkoA6tF.png",
        "archived": false,
        "slug": "ovoshnoj-magazin"
    }
},
{
    "model": "sellers.seller",
    "pk": 4,
    "fields": {
        "name": "Магазин напитков",
        "description": "Освежись, взбодрись!",
        "logo": "images/sellers/magazin-napitkov/logo/Без_названия.png",
        "archived": false,
        "slug": "magazin-napitkov"
    }
},
{
    "model": "sellers.sellerproduct",
    "pk": 1,
    "fields": {
        "product": 2,
        "seller": 3,
        "price": "12.00",
        "stock": 31,
        "discount": 1
    }
},
{
    "model": "sellers.sellerproduct",
    "pk": 2,
    "fields": {
        "product": 4,
        "seller": 3,
        "price": "123.00",
        "stock": 312,
        "discount": 1
    }
},
{
    "model": "sellers.sellerproduct",
    "pk": 3,
    "fields": {
        "product": 6,
        "seller": 3,
        "price": "324.00",
        "stock": 330,
        "discount": 1
    }
},
{
    "model": "sellers.sellerproduct",
    "pk": 4,
    "fields": {
        "product": 8,
        "seller": 1,
        "price": "2322.00",
        "stock": 9,
        "discount": 1
    }
},
{
    "model": "sellers.sellerproduct",
    "pk": 5,
    "fields": {
        "product": 8,
        "seller": 2,
        "price": "2344.00",
        "stock": 21,
        "discount": 1
    }
},
{
    "model": "sellers.sellerproduct",
    "pk": 6,
    "fields": {
        "product": 1,
        "seller": 4,
        "price": "33.00",
        "stock": 122,
        "discount": 1
    }
},
{
    "model": "sellers.sellerproduct",
    "pk": 7,
    "fields": {
        "product": 3,
        "seller": 4,
        "price": "223.00",
        "stock": 10,
        "discount": 1
    }
},
{
    "model": "sellers.sellerproduct",
    "pk": 8,
    "fields": {
        "product": 5,
        "seller": 4,
        "price": "213.00",
        "stock": 22,
        "discount": 1
    }
},
{
    "model": "sellers.sellerproduct",
    "pk": 9,
    "fields": {
        "product": 9,
        "seller": 3,
        "price": "343.00",
        "stock": 342,
        "discount": 1
    }
},
{
    "model": "sellers.sellerproduct",
    "pk": 10,
    "fields": {
        "product": 10,
        "seller": 3,
        "price": "342.00",
        "stock": 42,
        "discount": 1
    }
},
{
    "model": "sellers.sellerproduct",
    "pk": 11,
    "fields": {
        "product": 11,
        "seller": 3,
        "price": "100.00",
        "stock": 321,
        "discount": 1
    }
},
{
    "model": "sellers.sellerproduct",
    "pk": 13,
    "fields": {
        "product": 12,
        "seller": 3,
        "price": "32.00",
        "stock": 3234,
        "discount": 1
    }
},
{
    "model": "sellers.sellerproduct",
    "pk": 14,
    "fields": {
        "product": 13,
        "seller": 3,
        "price": "11.00",
        "stock": 322,
        "discount": 1
    }
},
{
    "model": "sellers.sellerproduct",
    "pk": 15,
    "fields": {
        "product": 14,
        "seller": 3,
        "price": "13.00",
        "stock": 321,
        "discount": 1
    }
},
{
    "model": "sellers.sellerproduct",
    "pk": 16,
    "fields": {
        "product": 15,
        "seller": 3,
        "price": "14.00",
        "stock": 531,
        "discount": 1
    }
},
{
    "model": "sellers.sellerproduct",
    "pk": 17,
    "fields": {
        "product": 16,
        "seller": 3,
        "price": "13.00",
        "stock": 431,
        "discount": 1
    }
},
{
    "model": "sellers.sellerproduct",
    "pk": 18,
    "fields": {
        "product": 17,
        "seller": 3,
        "price": "15.00",
        "stock": 1234,
        "discount": 1
    }
},
{
    "model": "sellers.discount",
    "pk": 1,
    "fields": {
        "name": "Без скидки",
        "value": 0
    }
}
]
